date,day_of_week,activation_id,restaurant_name,location_name,activation_description,activation_start,activation_end,unique_users_count,total_tpv,tpv_vs_baseline,median_check_vs_baseline,marketing_spend,remaining_group_budget,new_users_count,returning_users_count,new_user_percentage,notes
2025-11-16,Sunday,"26,394",Landmark Cevicheria,Boerum Hill,"Spend $50 with Blackbird Pay, get $25 in $FLY back",2025-11-16 16:00:00,2025-11-16 22:00:00,4,511.83,1067.76,32.72,100.0,0.0,4,0,100.0,
2025-11-16,Sunday,"25,894",Third Time's The Charm,Red Hook,"Spend $75 with Blackbird Pay, get $25 in $FLY back",2025-11-16 16:00:00,2025-11-16 21:00:00,1,84.26,,,0.0,0.0,1,0,100.0,
2025-11-16,Sunday,"25,442",Upstate Stock,Williamsburg,"Spend $25 with Blackbird Pay, get $10 in $FLY back",2025-11-16 15:00:00,2025-11-16 19:00:00,5,173.53,-18.5,8.61,20.0,2300.0,1,4,20.0,
2025-11-16,Sunday,"25,520",Huriyali,Downtown,"Spend $22 with Blackbird Pay, get $5 back in $FLY",2025-11-16 13:00:00,2025-11-16 15:00:00,7,195.44,335.52,28.25,25.0,4745.0,3,4,42.86,
2025-11-16,Sunday,"25,530",Huriyali,Riverland,"Spend $22 with Blackbird Pay, get $5 in $FLY back",2025-11-16 13:00:00,2025-11-16 15:00:00,5,135.98,30.57,1.93,15.0,4745.0,1,4,20.0,
2025-11-16,Sunday,"25,896",Chinta Thai,Greenpoint,"Spend $100 with Blackbird Pay, get $25 in $FLY back",2025-11-16 12:00:00,2025-11-16 22:00:00,6,493.07,291.45,-2.36,25.0,4975.0,1,5,16.67,
2025-11-16,Sunday,"25,432",Uncork,Wraggborough,"Spend $45 with Blackbird Pay, get $15 in $FLY back",2025-11-16 12:00:00,2025-11-16 15:00:00,0,0.0,,,0.0,4985.0,0,0,,No transactions during activation period
2025-11-16,Sunday,"22,908",Ace Eat Serve,Uptown,"Spend $100, get $35 FLY back (Pay with Blackbird)",2025-11-16 12:00:00,2025-11-16 22:00:00,3,225.1,,,35.0,2150.0,1,2,33.33,
2025-11-16,Sunday,"26,295",Oodle Yunnan Rice Noodle,Outer Richmond,Spend $20+ Get $10 in Flyback!,2025-11-16 11:00:00,2025-11-16 20:00:00,0,0.0,,,0.0,0.0,0,0,,No transactions during activation period
2025-11-16,Sunday,"25,416",Palm House,Marina,"Spend $55 with Blackbird Pay, get $20 in $FLY back",2025-11-16 10:30:00,2025-11-16 15:00:00,0,0.0,,,0.0,5000.0,0,0,,No transactions during activation period
2025-11-16,Sunday,"26,312",Paper Son Coffee ,Paper Son Coffee - Dogpatch,"Spend $25 with Blackbird Pay, get $25 in $FLY back. Max 1 redemption per diner.",2025-11-16 10:00:00,2025-11-16 14:00:00,1,6.5,-63.38,-63.38,0.0,6400.0,0,1,0.0,
2025-11-16,Sunday,"25,012",Rudy Royale,Rudy Royale,"Spend $55 with Blackbird Pay, get $20 in $FLY back",2025-11-16 10:00:00,2025-11-16 14:00:00,6,419.14,,,80.0,4550.0,5,1,83.33,
2025-11-16,Sunday,"25,615",Dada,Ridgewood,"Spend $50 with Blackbird Pay, get $25 in $FLY back",2025-11-16 10:00:00,2025-11-17 00:00:00,1,52.26,,,25.0,4950.0,1,0,100.0,
2025-11-16,Sunday,"26,325",Sereneco,Greenpoint,"Spend $100 with Blackbird Pay, get $50 in $FLY back",2025-11-16 08:30:00,2025-11-16 21:00:00,4,532.6,238.16,219.95,150.0,4650.0,3,1,75.0,
2025-11-16,Sunday,"24,858",The Lost Draft,SoHo,"Spend $25 with Blackbird Pay, get $10 in $FLY back",2025-11-16 08:00:00,2025-11-16 12:00:00,0,0.0,,,0.0,2460.0,0,0,,No transactions during activation period
2025-11-16,Sunday,"24,797",Sagaponack General Store,Sagaponack,Spend $100 get $50 in $FLY,2025-11-16 07:00:00,2025-11-16 19:00:00,9,451.33,132.39,-42.54,100.0,1700.0,3,6,33.33,
2025-11-15,Saturday,"25,893",Third Time's The Charm,Red Hook,"Spend $75 with Blackbird Pay, get $25 in $FLY back",2025-11-15 16:00:00,2025-11-16 00:00:00,0,0.0,,,0.0,0.0,0,0,,No transactions during activation period
2025-11-16,Sunday,"25,893",Third Time's The Charm,Red Hook,"Spend $75 with Blackbird Pay, get $25 in $FLY back",2025-11-15 16:00:00,2025-11-16 00:00:00,0,0.0,,,0.0,0.0,0,0,,No transactions during activation period
2025-11-15,Saturday,"26,393",Landmark Cevicheria,Boerum Hill,"Spend $50 with Blackbird Pay, get $25 in $FLY back",2025-11-15 16:00:00,2025-11-16 00:00:00,7,537.71,153.79,-55.26,150.0,0.0,6,1,85.71,
2025-11-16,Sunday,"26,393",Landmark Cevicheria,Boerum Hill,"Spend $50 with Blackbird Pay, get $25 in $FLY back",2025-11-15 16:00:00,2025-11-16 00:00:00,0,0.0,,,0.0,0.0,0,0,,No transactions during activation period
2025-11-15,Saturday,"25,529",Huriyali,Riverland,"Spend $22 with Blackbird Pay, get $5 in $FLY back",2025-11-15 13:00:00,2025-11-15 15:00:00,5,188.73,101.32,57.95,15.0,4745.0,1,4,20.0,
2025-11-15,Saturday,"25,519",Huriyali,Downtown,"Spend $22 with Blackbird Pay, get $5 back in $FLY",2025-11-15 13:00:00,2025-11-15 15:00:00,5,101.64,-49.67,-35.17,10.0,4745.0,2,3,40.0,
2025-11-15,Saturday,"25,895",Chinta Thai,Greenpoint,"Spend $100 with Blackbird Pay, get $25 in $FLY back",2025-11-15 12:00:00,2025-11-15 22:30:00,2,92.97,-20.84,-12.54,0.0,4975.0,0,2,0.0,
2025-11-15,Saturday,"22,907",Ace Eat Serve,Uptown,"Spend $100, get $35 FLY back (Pay with Blackbird)",2025-11-15 12:00:00,2025-11-16 00:00:00,0,0.0,,,0.0,2150.0,0,0,,No transactions during activation period
2025-11-16,Sunday,"22,907",Ace Eat Serve,Uptown,"Spend $100, get $35 FLY back (Pay with Blackbird)",2025-11-15 12:00:00,2025-11-16 00:00:00,0,0.0,,,0.0,2150.0,0,0,,No transactions during activation period
2025-11-15,Saturday,"26,294",Oodle Yunnan Rice Noodle,Outer Richmond,Spend $20+ Get $10 in Flyback!,2025-11-15 11:00:00,2025-11-15 20:00:00,4,138.46,322.39,39.17,30.0,0.0,4,0,100.0,
2025-11-15,Saturday,"25,415",Palm House,Marina,"Spend $55 with Blackbird Pay, get $20 in $FLY back",2025-11-15 10:30:00,2025-11-15 15:00:00,0,0.0,,,0.0,5000.0,0,0,,No transactions during activation period
2025-11-15,Saturday,"26,311",Paper Son Coffee ,Paper Son Coffee - Dogpatch,"Spend $25 with Blackbird Pay, get $25 in $FLY back. Max 1 redemption per diner.",2025-11-15 10:00:00,2025-11-15 14:00:00,4,42.25,182.61,-50.67,0.0,6400.0,2,2,50.0,
2025-11-15,Saturday,"25,614",Dada,Ridgewood,"Spend $50 with Blackbird Pay, get $25 in $FLY back",2025-11-15 10:00:00,2025-11-16 04:00:00,0,0.0,,,0.0,4950.0,0,0,,No transactions during activation period
2025-11-16,Sunday,"25,614",Dada,Ridgewood,"Spend $50 with Blackbird Pay, get $25 in $FLY back",2025-11-15 10:00:00,2025-11-16 04:00:00,0,0.0,,,0.0,4950.0,0,0,,No transactions during activation period
2025-11-15,Saturday,"26,324",Sereneco,Greenpoint,"Spend $100 with Blackbird Pay, get $50 in $FLY back",2025-11-15 08:30:00,2025-11-15 22:00:00,5,666.12,220.05,265.28,200.0,4650.0,4,1,80.0,
2025-11-15,Saturday,"24,796",Sagaponack General Store,Sagaponack,Spend $100 get $50 in $FLY,2025-11-15 07:00:00,2025-11-15 19:00:00,7,615.97,87.36,-9.78,100.0,1700.0,0,7,0.0,
2025-11-14,Friday,"25,892",Third Time's The Charm,Red Hook,"Spend $75 with Blackbird Pay, get $25 in $FLY back",2025-11-14 16:00:00,2025-11-15 00:00:00,0,0.0,,,0.0,0.0,0,0,,No transactions during activation period
2025-11-15,Saturday,"25,892",Third Time's The Charm,Red Hook,"Spend $75 with Blackbird Pay, get $25 in $FLY back",2025-11-14 16:00:00,2025-11-15 00:00:00,0,0.0,,,0.0,0.0,0,0,,No transactions during activation period
2025-11-14,Friday,"22,906",Ace Eat Serve,Uptown,"Spend $100, get $35 FLY back (Pay with Blackbird)",2025-11-14 16:00:00,2025-11-15 00:00:00,0,0.0,,,0.0,2150.0,0,0,,No transactions during activation period
2025-11-15,Saturday,"22,906",Ace Eat Serve,Uptown,"Spend $100, get $35 FLY back (Pay with Blackbird)",2025-11-14 16:00:00,2025-11-15 00:00:00,0,0.0,,,0.0,2150.0,0,0,,No transactions during activation period
2025-11-14,Friday,"25,313",The Blue Light,Pacific Heights,"Spend $40 with Blackbird Pay, get $15 in $FLY back",2025-11-14 16:00:00,2025-11-14 18:00:00,0,0.0,,,0.0,4985.0,0,0,,No transactions during activation period
2025-11-14,Friday,"25,504",Huriyali,Downtown,"Spend $20 with Blackbird Pay, get $5 in $FLY back",2025-11-14 15:00:00,2025-11-14 18:00:00,2,30.75,-41.08,-37.12,5.0,4745.0,0,2,0.0,
2025-11-14,Friday,"25,544",Huriyali,Riverland,"Spend $20 with Blackbird Pay, get $5 in $FLY back",2025-11-14 15:00:00,2025-11-14 18:00:00,3,104.25,117.13,194.79,10.0,4745.0,1,2,33.33,
2025-11-14,Friday,"25,295",Park & Grove,Downtown,"Spend $30 with Blackbird Pay, get $10 in $FLY back",2025-11-14 13:00:00,2025-11-14 17:00:00,4,128.67,-40.38,-67.96,10.0,4700.0,2,2,50.0,
2025-11-14,Friday,"26,293",Oodle Yunnan Rice Noodle,Outer Richmond,Spend $20+ Get $10 in Flyback!,2025-11-14 11:00:00,2025-11-14 20:00:00,0,0.0,,,0.0,0.0,0,0,,No transactions during activation period
2025-11-14,Friday,"26,310",Paper Son Coffee ,Paper Son Coffee - Dogpatch,"Spend $25 with Blackbird Pay, get $25 in $FLY back. Max 1 redemption per diner.",2025-11-14 10:00:00,2025-11-14 14:00:00,4,104.35,607.3,356.41,100.0,6400.0,1,3,25.0,
2025-11-14,Friday,"25,613",Dada,Ridgewood,"Spend $50 with Blackbird Pay, get $25 in $FLY back",2025-11-14 08:00:00,2025-11-15 04:00:00,0,0.0,,,0.0,4950.0,0,0,,No transactions during activation period
2025-11-15,Saturday,"25,613",Dada,Ridgewood,"Spend $50 with Blackbird Pay, get $25 in $FLY back",2025-11-14 08:00:00,2025-11-15 04:00:00,0,0.0,,,0.0,4950.0,0,0,,No transactions during activation period
2025-11-14,Friday,"25,755",X-Golf,Williamsburg,"Spend $30 with Blackbird Pay, get $15 in $FLY back",2025-11-14 07:00:00,2025-11-14 19:00:00,1,51.92,-69.28,-69.28,15.0,4955.0,1,0,100.0,
2025-11-14,Friday,"24,795",Sagaponack General Store,Sagaponack,Spend $100 get $50 in $FLY,2025-11-14 07:00:00,2025-11-14 19:00:00,4,368.84,407.9,183.89,150.0,1700.0,0,4,0.0,
2025-11-13,Thursday,"25,316",The Blue Light,Pacific Heights,"Spend $40 with Blackbird Pay, get $15 in $FLY back",2025-11-13 22:00:00,2025-11-14 01:30:00,0,0.0,,,0.0,4985.0,0,0,,No transactions during activation period
2025-11-14,Friday,"25,316",The Blue Light,Pacific Heights,"Spend $40 with Blackbird Pay, get $15 in $FLY back",2025-11-13 22:00:00,2025-11-14 01:30:00,0,0.0,,,0.0,4985.0,0,0,,No transactions during activation period
2025-11-13,Thursday,"25,457",The Archer,East Central,"Spend $80 with Blackbird Pay, get $25 in $FLY back",2025-11-13 17:00:00,2025-11-13 21:00:00,5,457.27,152.52,-41.45,50.0,4800.0,4,1,80.0,
2025-11-13,Thursday,"25,851",The Little Pig,Boerum Hill,"Spend $75 with Blackbird Pay, get $30 in $FLY back",2025-11-13 16:30:00,2025-11-14 00:00:00,0,0.0,,,0.0,4970.0,0,0,,No transactions during activation period
2025-11-14,Friday,"25,851",The Little Pig,Boerum Hill,"Spend $75 with Blackbird Pay, get $30 in $FLY back",2025-11-13 16:30:00,2025-11-14 00:00:00,0,0.0,,,0.0,4970.0,0,0,,No transactions during activation period
2025-11-13,Thursday,"22,905",Ace Eat Serve,Uptown,"Spend $100, get $35 FLY back (Pay with Blackbird)",2025-11-13 16:00:00,2025-11-13 22:00:00,1,164.52,,,35.0,2150.0,0,1,0.0,
2025-11-13,Thursday,"25,891",Third Time's The Charm,Red Hook,"Spend $75 with Blackbird Pay, get $25 in $FLY back",2025-11-13 16:00:00,2025-11-13 21:00:00,0,0.0,,,0.0,0.0,0,0,,No transactions during activation period
2025-11-13,Thursday,"25,725",Friend of a Farmer,Upper West Side,"Spend $25 with Blackbird Pay, get $10 in $FLY back (Happy Hour Only)",2025-11-13 16:00:00,2025-11-13 18:00:00,0,0.0,,,0.0,2420.0,0,0,,No transactions during activation period
2025-11-13,Thursday,"25,701",Friend of a Farmer,Gramercy,"Spend $25 with Blackbird Pay, get $10 in $FLY back (Happy Hour Only)",2025-11-13 16:00:00,2025-11-13 18:00:00,0,0.0,,,0.0,2420.0,0,0,,No transactions during activation period
2025-11-13,Thursday,"25,503",Huriyali,Downtown,"Spend $20 with Blackbird Pay, get $5 in $FLY back",2025-11-13 15:00:00,2025-11-13 18:00:00,3,42.42,20.97,68.43,0.0,4745.0,0,3,0.0,
2025-11-13,Thursday,"25,543",Huriyali,Riverland,"Spend $20 with Blackbird Pay, get $5 in $FLY back",2025-11-13 15:00:00,2025-11-13 18:00:00,2,25.28,-14.51,-14.51,0.0,4745.0,0,2,0.0,
2025-11-13,Thursday,"25,015",Lewis Barbecue,NoMo,"Spend $30 with Blackbird Pay, get $10 in $FLY back",2025-11-13 13:00:00,2025-11-13 17:00:00,4,375.44,529.4,-8.45,30.0,4790.0,4,0,100.0,
2025-11-13,Thursday,"24,672",Holy City Brewing,Park Circle - Charleston,"Spend $35 with Blackbird Pay, get $15 in $FLY back",2025-11-13 13:00:00,2025-11-13 17:00:00,9,324.24,61.03,-61.63,90.0,2275.0,1,8,11.11,
2025-11-13,Thursday,"25,274",Taco Boy,Folly Beach,"Spend $50 with Blackbird Pay, get $20 in $FLY back",2025-11-13 12:00:00,2025-11-13 15:00:00,0,0.0,,,0.0,4700.0,0,0,,No transactions during activation period
2025-11-13,Thursday,"25,879",Momoya,SoHo,"Spend $35 with Blackbird Pay, get $15 in $FLY back",2025-11-13 12:00:00,2025-11-13 22:00:00,5,410.54,158.52,-49.6,60.0,2335.0,4,1,80.0,
2025-11-13,Thursday,"25,262",Taco Boy,Downtown,"Spend $50 with Blackbird Pay, get $20 in $FLY back",2025-11-13 11:00:00,2025-11-13 15:00:00,0,0.0,,,0.0,4700.0,0,0,,No transactions during activation period
2025-11-13,Thursday,"25,286",Taco Boy,Summerville,"Spend $50 with Blackbird Pay, get $20 in $FLY back",2025-11-13 11:00:00,2025-11-13 15:00:00,1,68.98,,,20.0,4700.0,0,1,0.0,
2025-11-13,Thursday,"26,292",Oodle Yunnan Rice Noodle,Outer Richmond,Spend $20+ Get $10 in Flyback!,2025-11-13 11:00:00,2025-11-13 20:00:00,2,60.78,,,10.0,0.0,2,0,100.0,
2025-11-13,Thursday,"26,309",Paper Son Coffee ,Paper Son Coffee - Dogpatch,"Spend $25 with Blackbird Pay, get $25 in $FLY back. Max 1 redemption per diner.",2025-11-13 10:00:00,2025-11-13 14:00:00,2,11.7,-65.56,-65.56,0.0,6400.0,0,2,0.0,
2025-11-13,Thursday,"25,612",Dada,Ridgewood,"Spend $50 with Blackbird Pay, get $25 in $FLY back",2025-11-13 08:00:00,2025-11-14 02:00:00,0,0.0,,,0.0,4950.0,0,0,,No transactions during activation period
2025-11-14,Friday,"25,612",Dada,Ridgewood,"Spend $50 with Blackbird Pay, get $25 in $FLY back",2025-11-13 08:00:00,2025-11-14 02:00:00,0,0.0,,,0.0,4950.0,0,0,,No transactions during activation period
2025-11-13,Thursday,"24,794",Sagaponack General Store,Sagaponack,Spend $100 get $50 in $FLY,2025-11-13 07:00:00,2025-11-13 19:00:00,4,155.47,-37.91,-0.51,0.0,1700.0,0,4,0.0,
2025-11-12,Wednesday,"25,319",Indigo,Marina,"Spend $90 with Blackbird Pay, get $25 in $FLY back",2025-11-12 17:00:00,2025-11-12 21:00:00,0,0.0,,,0.0,5000.0,0,0,,No transactions during activation period
2025-11-12,Wednesday,"25,865",Mayflower,Clinton Hill,"Spend $50 with Blackbird Pay, get $25 in $FLY back",2025-11-12 17:00:00,2025-11-13 00:00:00,0,0.0,,,0.0,0.0,0,0,,No transactions during activation period
2025-11-13,Thursday,"25,865",Mayflower,Clinton Hill,"Spend $50 with Blackbird Pay, get $25 in $FLY back",2025-11-12 17:00:00,2025-11-13 00:00:00,0,0.0,,,0.0,0.0,0,0,,No transactions during activation period
2025-11-12,Wednesday,"25,862",Aita,Clinton Hill,"Spend $100 with Blackbird Pay, get $50 in $FLY back",2025-11-12 17:00:00,2025-11-12 22:30:00,1,63.47,108.17,108.17,0.0,0.0,1,0,100.0,
2025-11-12,Wednesday,"25,850",The Little Pig,Boerum Hill,"Spend $75 with Blackbird Pay, get $30 in $FLY back",2025-11-12 16:30:00,2025-11-13 00:00:00,0,0.0,,,0.0,4970.0,0,0,,No transactions during activation period
2025-11-13,Thursday,"25,850",The Little Pig,Boerum Hill,"Spend $75 with Blackbird Pay, get $30 in $FLY back",2025-11-12 16:30:00,2025-11-13 00:00:00,0,0.0,,,0.0,4970.0,0,0,,No transactions during activation period
2025-11-12,Wednesday,"25,022",Nopalito,NOPA,"Spend $55 with Blackbird Pay, get $20 in $FLY back",2025-11-12 16:30:00,2025-11-12 21:00:00,0,0.0,,,0.0,5000.0,0,0,,No transactions during activation period
2025-11-12,Wednesday,"25,700",Friend of a Farmer,Gramercy,"Spend $25 with Blackbird Pay, get $10 in $FLY back (Happy Hour Only)",2025-11-12 16:00:00,2025-11-12 18:00:00,1,118.88,,,10.0,2420.0,1,0,100.0,
2025-11-12,Wednesday,"22,904",Ace Eat Serve,Uptown,"Spend $100, get $35 FLY back (Pay with Blackbird)",2025-11-12 16:00:00,2025-11-12 22:00:00,0,0.0,,,0.0,2150.0,0,0,,No transactions during activation period
2025-11-12,Wednesday,"25,724",Friend of a Farmer,Upper West Side,"Spend $25 with Blackbird Pay, get $10 in $FLY back (Happy Hour Only)",2025-11-12 16:00:00,2025-11-12 18:00:00,1,58.46,,,10.0,2420.0,1,0,100.0,
2025-11-12,Wednesday,"25,890",Third Time's The Charm,Red Hook,"Spend $75 with Blackbird Pay, get $25 in $FLY back",2025-11-12 16:00:00,2025-11-12 21:00:00,1,293.0,,,25.0,0.0,1,0,100.0,
2025-11-12,Wednesday,"25,542",Huriyali,Riverland,"Spend $20 with Blackbird Pay, get $5 in $FLY back",2025-11-12 15:00:00,2025-11-12 18:00:00,0,0.0,,,0.0,4745.0,0,0,,No transactions during activation period
2025-11-12,Wednesday,"25,502",Huriyali,Downtown,"Spend $20 with Blackbird Pay, get $5 in $FLY back",2025-11-12 15:00:00,2025-11-12 18:00:00,4,77.42,56.15,-45.95,5.0,4745.0,0,4,0.0,
2025-11-12,Wednesday,"24,581",Bodega (Dine In),Downtown Charleston,"Spend $40 with Blackbird Pay, get $10 in $FLY back",2025-11-12 14:00:00,2025-11-12 16:00:00,1,13.87,,,0.0,4925.0,0,1,0.0,
2025-11-12,Wednesday,"24,615",Bodega (Coffee Counter),Mt. Pleasant ,"Spend $20 with Blackbird Pay, get $5 in $FLY back",2025-11-12 13:30:00,2025-11-12 15:00:00,2,30.79,,,5.0,4925.0,1,1,50.0,
2025-11-12,Wednesday,"24,598",Bodega (Coffee Counter),Downtown,"Spend $20 with Blackbird Pay, get $5 in $FLY back",2025-11-12 13:30:00,2025-11-12 15:00:00,0,0.0,,,0.0,4925.0,0,0,,No transactions during activation period
2025-11-12,Wednesday,"25,407",Spike's Coffees and Teas,The Castro,"Spend $25 with Blackbird Pay, get $10 in $FLY back",2025-11-12 13:00:00,2025-11-12 17:00:00,1,32.36,244.26,544.62,0.0,2500.0,0,1,0.0,
2025-11-12,Wednesday,"25,294",Park & Grove,Downtown,"Spend $30 with Blackbird Pay, get $10 in $FLY back",2025-11-12 13:00:00,2025-11-12 17:00:00,0,0.0,,,0.0,4700.0,0,0,,No transactions during activation period
2025-11-12,Wednesday,"25,044",Tacolicious,Marina,"Spend $30 with Blackbird Pay, get $10 in $FLY back",2025-11-12 12:00:00,2025-11-12 16:00:00,0,0.0,,,0.0,7490.0,0,0,,No transactions during activation period
2025-11-12,Wednesday,"25,303",Barn Joo ,Union Square,"Spend $45 with Blackbird Pay, get $15 in $FLY back",2025-11-12 12:00:00,2025-11-12 16:00:00,2,112.13,34.46,34.46,30.0,2395.0,1,1,50.0,
2025-11-12,Wednesday,"25,048",Tacolicious,Mission,"Spend $30 with Blackbird Pay, get $10 in $FLY back",2025-11-12 12:00:00,2025-11-12 16:00:00,0,0.0,,,0.0,7490.0,0,0,,No transactions during activation period
2025-11-12,Wednesday,"25,273",Taco Boy,Folly Beach,"Spend $50 with Blackbird Pay, get $20 in $FLY back",2025-11-12 12:00:00,2025-11-12 15:00:00,0,0.0,,,0.0,4700.0,0,0,,No transactions during activation period
2025-11-12,Wednesday,"26,291",Oodle Yunnan Rice Noodle,Outer Richmond,Spend $20+ Get $10 in Flyback!,2025-11-12 11:00:00,2025-11-12 20:00:00,0,0.0,,,0.0,0.0,0,0,,No transactions during activation period
2025-11-12,Wednesday,"25,285",Taco Boy,Summerville,"Spend $50 with Blackbird Pay, get $20 in $FLY back",2025-11-12 11:00:00,2025-11-12 15:00:00,1,10.11,-59.83,-59.83,0.0,4700.0,0,1,0.0,
2025-11-12,Wednesday,"24,680",The Greats of Craft,Midtown East,"Spend $35 with Blackbird Pay, get $15 in $FLY back",2025-11-12 11:00:00,2025-11-12 15:00:00,1,36.32,,,15.0,4985.0,0,1,0.0,
2025-11-12,Wednesday,"24,676",The Greats of Craft,LIC,"Spend $35 with Blackbird Pay, get $15 in $FLY back",2025-11-12 11:00:00,2025-11-12 15:00:00,0,0.0,,,0.0,4985.0,0,0,,No transactions during activation period
2025-11-12,Wednesday,"25,261",Taco Boy,Downtown,"Spend $50 with Blackbird Pay, get $20 in $FLY back",2025-11-12 11:00:00,2025-11-12 15:00:00,5,271.39,8.04,45.91,40.0,4700.0,1,4,20.0,
2025-11-12,Wednesday,"25,445",Baguette Magic,West Ashley,"Spend $25 with Blackbird Pay, get $10 in $FLY back",2025-11-12 10:00:00,2025-11-12 14:00:00,4,88.51,-3.9,49.26,20.0,4940.0,2,2,50.0,
2025-11-12,Wednesday,"25,453",Baguette Magic,James Island,"Spend $25 with Blackbird Pay, get $10 in $FLY back",2025-11-12 10:00:00,2025-11-12 14:00:00,2,44.56,-69.41,37.57,10.0,4940.0,1,1,50.0,
2025-11-12,Wednesday,"26,308",Paper Son Coffee ,Paper Son Coffee - Dogpatch,"Spend $25 with Blackbird Pay, get $25 in $FLY back. Max 1 redemption per diner.",2025-11-12 10:00:00,2025-11-12 14:00:00,6,205.63,1355.79,158.06,175.0,6400.0,1,5,16.67,
2025-11-12,Wednesday,"25,611",Dada,Ridgewood,"Spend $50 with Blackbird Pay, get $25 in $FLY back",2025-11-12 08:00:00,2025-11-13 02:00:00,0,0.0,,,0.0,4950.0,0,0,,No transactions during activation period
2025-11-13,Thursday,"25,611",Dada,Ridgewood,"Spend $50 with Blackbird Pay, get $25 in $FLY back",2025-11-12 08:00:00,2025-11-13 02:00:00,0,0.0,,,0.0,4950.0,0,0,,No transactions during activation period
2025-11-12,Wednesday,"25,235",Lillian's Market & Cafe,Hampton Park Terrace,"Spend $15 with Blackbird Pay, get $5 in $FLY back",2025-11-12 07:15:00,2025-11-12 12:00:00,7,135.91,48.26,24.01,15.0,4550.0,4,3,57.14,
2025-11-12,Wednesday,"24,793",Sagaponack General Store,Sagaponack,Spend $100 get $50 in $FLY,2025-11-12 07:00:00,2025-11-12 19:00:00,4,52.76,-70.4,-57.33,0.0,1700.0,1,3,25.0,
2025-11-11,Tuesday,"25,315",The Blue Light,Pacific Heights,"Spend $40 with Blackbird Pay, get $15 in $FLY back",2025-11-11 18:00:00,2025-11-12 10:00:00,0,0.0,,,0.0,4985.0,0,0,,No transactions during activation period
2025-11-12,Wednesday,"25,315",The Blue Light,Pacific Heights,"Spend $40 with Blackbird Pay, get $15 in $FLY back",2025-11-11 18:00:00,2025-11-12 10:00:00,1,72.26,139.43,284.77,15.0,4985.0,0,1,0.0,
2025-11-11,Tuesday,"25,864",Mayflower,Clinton Hill,"Spend $50 with Blackbird Pay, get $25 in $FLY back",2025-11-11 17:00:00,2025-11-12 00:00:00,0,0.0,,,0.0,0.0,0,0,,No transactions during activation period
2025-11-12,Wednesday,"25,864",Mayflower,Clinton Hill,"Spend $50 with Blackbird Pay, get $25 in $FLY back",2025-11-11 17:00:00,2025-11-12 00:00:00,0,0.0,,,0.0,0.0,0,0,,No transactions during activation period
2025-11-11,Tuesday,"25,861",Aita,Clinton Hill,"Spend $100 with Blackbird Pay, get $50 in $FLY back",2025-11-11 17:00:00,2025-11-11 22:30:00,3,288.06,71.14,-55.4,100.0,0.0,1,2,33.33,
2025-11-11,Tuesday,"25,251",Lillian's Restaurant,Hampton Park Terrace,"Spend $75 with Blackbird Pay, get $25 in $FLY back",2025-11-11 17:00:00,2025-11-11 21:00:00,1,111.89,-64.01,174.78,25.0,4550.0,0,1,0.0,
2025-11-11,Tuesday,"25,849",The Little Pig,Boerum Hill,"Spend $75 with Blackbird Pay, get $30 in $FLY back",2025-11-11 16:30:00,2025-11-12 00:00:00,1,43.83,,,0.0,4970.0,1,0,100.0,
2025-11-12,Wednesday,"25,849",The Little Pig,Boerum Hill,"Spend $75 with Blackbird Pay, get $30 in $FLY back",2025-11-11 16:30:00,2025-11-12 00:00:00,0,0.0,,,0.0,4970.0,0,0,,No transactions during activation period
2025-11-11,Tuesday,"25,699",Friend of a Farmer,Gramercy,"Spend $25 with Blackbird Pay, get $10 in $FLY back (Happy Hour Only)",2025-11-11 16:00:00,2025-11-11 18:00:00,0,0.0,,,0.0,2420.0,0,0,,No transactions during activation period
2025-11-11,Tuesday,"25,723",Friend of a Farmer,Upper West Side,"Spend $25 with Blackbird Pay, get $10 in $FLY back (Happy Hour Only)",2025-11-11 16:00:00,2025-11-11 18:00:00,1,19.93,-81.59,-63.17,0.0,2420.0,0,1,0.0,
2025-11-11,Tuesday,"22,903",Ace Eat Serve,Uptown,"Spend $100, get $35 FLY back (Pay with Blackbird)",2025-11-11 16:00:00,2025-11-11 22:00:00,1,191.92,,,35.0,2150.0,1,0,100.0,
2025-11-11,Tuesday,"24,652",Carta,West Village,"Spend $50 with Blackbird Pay, get $25 in $FLY back",2025-11-11 16:00:00,2025-11-11 19:00:00,1,134.9,148.76,24.38,25.0,0.0,1,0,100.0,
2025-11-11,Tuesday,"25,541",Huriyali,Riverland,"Spend $20 with Blackbird Pay, get $5 in $FLY back",2025-11-11 15:00:00,2025-11-11 18:00:00,0,0.0,,,0.0,4745.0,0,0,,No transactions during activation period
2025-11-11,Tuesday,"25,501",Huriyali,Downtown,"Spend $20 with Blackbird Pay, get $5 in $FLY back",2025-11-11 15:00:00,2025-11-11 18:00:00,0,0.0,,,0.0,4745.0,0,0,,No transactions during activation period
2025-11-11,Tuesday,"25,423",Bon Banh Mi,South Mt. Pleasant,"Spend $30 with Blackbird Pay, get $10 in $FLY back",2025-11-11 13:00:00,2025-11-11 17:00:00,2,99.93,182.53,41.26,10.0,4900.0,2,0,100.0,
2025-11-11,Tuesday,"25,427",Bon Banh Mi,Mt. Pleasant,"Spend $30 with Blackbird Pay, get $10 in $FLY back",2025-11-11 13:00:00,2025-11-11 17:00:00,2,125.58,35.71,-48.73,20.0,4900.0,0,2,0.0,
2025-11-11,Tuesday,"25,419",Bon Banh Mi,Downtown,"Spend $30 with Blackbird Pay, get $10 in $FLY back",2025-11-11 13:00:00,2025-11-11 17:00:00,2,68.27,,,10.0,4900.0,1,1,50.0,
2025-11-11,Tuesday,"25,272",Taco Boy,Folly Beach,"Spend $50 with Blackbird Pay, get $20 in $FLY back",2025-11-11 12:00:00,2025-11-11 15:00:00,0,0.0,,,0.0,4700.0,0,0,,No transactions during activation period
2025-11-11,Tuesday,"25,284",Taco Boy,Summerville,"Spend $50 with Blackbird Pay, get $20 in $FLY back",2025-11-11 11:00:00,2025-11-11 15:00:00,2,138.99,74.35,-12.83,40.0,4700.0,2,0,100.0,
2025-11-11,Tuesday,"25,018",Rancho Lewis,NoMo,"Spend $30 with Blackbird Pay, get $10 in $FLY back",2025-11-11 11:00:00,2025-11-11 15:00:00,4,262.69,153.15,277.16,40.0,4790.0,4,0,100.0,
2025-11-11,Tuesday,"25,260",Taco Boy,Downtown,"Spend $50 with Blackbird Pay, get $20 in $FLY back",2025-11-11 11:00:00,2025-11-11 15:00:00,1,106.93,2.12,-36.46,20.0,4700.0,1,0,100.0,
2025-11-11,Tuesday,"25,076",Paper Son Coffee ,Paper Son Coffee - Dogpatch,"Spend $25 with Blackbird Pay, get $25 in $FLY back",2025-11-11 10:00:00,2025-11-11 14:00:00,3,41.41,736.57,51.52,25.0,6400.0,2,1,66.67,
2025-11-11,Tuesday,"24,606",Bodega (Coffee Counter),Mt. Pleasant ,"Spend $20 with Blackbird Pay, get $5 in $FLY back",2025-11-11 09:00:00,2025-11-11 11:00:00,2,25.93,-33.56,11.11,0.0,4925.0,1,1,50.0,
2025-11-11,Tuesday,"24,589",Bodega (Coffee Counter),Downtown,"Spend $20 with Blackbird Pay, get $5 in $FLY back",2025-11-11 09:00:00,2025-11-11 11:00:00,2,17.8,,,0.0,4925.0,2,0,100.0,
2025-11-11,Tuesday,"24,792",Sagaponack General Store,Sagaponack,Spend $100 get $50 in $FLY,2025-11-11 09:00:00,2025-11-11 17:00:00,0,0.0,,,0.0,1700.0,0,0,,No transactions during activation period
2025-11-11,Tuesday,"25,610",Dada,Ridgewood,"Spend $50 with Blackbird Pay, get $25 in $FLY back",2025-11-11 08:00:00,2025-11-12 02:00:00,3,93.54,,,0.0,4950.0,1,2,33.33,
2025-11-12,Wednesday,"25,610",Dada,Ridgewood,"Spend $50 with Blackbird Pay, get $25 in $FLY back",2025-11-11 08:00:00,2025-11-12 02:00:00,0,0.0,,,0.0,4950.0,0,0,,No transactions during activation period
2025-11-10,Monday,"25,314",The Blue Light,Pacific Heights,"Spend $40 with Blackbird Pay, get $15 in $FLY back",2025-11-10 18:00:00,2025-11-11 10:00:00,0,0.0,,,0.0,4985.0,0,0,,No transactions during activation period
2025-11-11,Tuesday,"25,314",The Blue Light,Pacific Heights,"Spend $40 with Blackbird Pay, get $15 in $FLY back",2025-11-10 18:00:00,2025-11-11 10:00:00,0,0.0,,,0.0,4985.0,0,0,,No transactions during activation period
2025-11-10,Monday,"25,860",Aita,Clinton Hill,"Spend $100 with Blackbird Pay, get $50 in $FLY back",2025-11-10 17:00:00,2025-11-10 22:30:00,2,630.89,231.11,65.55,100.0,0.0,2,0,100.0,
2025-11-10,Monday,"25,863",Mayflower,Clinton Hill,"Spend $50 with Blackbird Pay, get $25 in $FLY back",2025-11-10 17:00:00,2025-11-11 00:00:00,0,0.0,,,0.0,0.0,0,0,,No transactions during activation period
2025-11-11,Tuesday,"25,863",Mayflower,Clinton Hill,"Spend $50 with Blackbird Pay, get $25 in $FLY back",2025-11-10 17:00:00,2025-11-11 00:00:00,0,0.0,,,0.0,0.0,0,0,,No transactions during activation period
2025-11-10,Monday,"25,250",Lillian's Restaurant,Hampton Park Terrace,"Spend $75 with Blackbird Pay, get $25 in $FLY back",2025-11-10 17:00:00,2025-11-10 21:00:00,1,15.57,-79.24,-72.99,0.0,4550.0,0,1,0.0,
2025-11-10,Monday,"25,848",The Little Pig,Boerum Hill,"Spend $75 with Blackbird Pay, get $30 in $FLY back",2025-11-10 16:30:00,2025-11-11 00:00:00,0,0.0,,,0.0,4970.0,0,0,,No transactions during activation period
2025-11-11,Tuesday,"25,848",The Little Pig,Boerum Hill,"Spend $75 with Blackbird Pay, get $30 in $FLY back",2025-11-10 16:30:00,2025-11-11 00:00:00,0,0.0,,,0.0,4970.0,0,0,,No transactions during activation period
2025-11-10,Monday,"25,698",Friend of a Farmer,Gramercy,"Spend $25 with Blackbird Pay, get $10 in $FLY back (Happy Hour Only)",2025-11-10 16:00:00,2025-11-10 18:00:00,1,27.89,,,10.0,2420.0,1,0,100.0,
2025-11-10,Monday,"25,722",Friend of a Farmer,Upper West Side,"Spend $25 with Blackbird Pay, get $10 in $FLY back (Happy Hour Only)",2025-11-10 16:00:00,2025-11-10 18:00:00,0,0.0,,,0.0,2420.0,0,0,,No transactions during activation period
2025-11-10,Monday,"24,651",Carta,West Village,"Spend $50 with Blackbird Pay, get $25 in $FLY back",2025-11-10 16:00:00,2025-11-10 19:00:00,0,0.0,,,0.0,0.0,0,0,,No transactions during activation period
2025-11-10,Monday,"25,540",Huriyali,Riverland,"Spend $20 with Blackbird Pay, get $5 in $FLY back",2025-11-10 15:00:00,2025-11-10 18:00:00,0,0.0,,,0.0,4745.0,0,0,,No transactions during activation period
2025-11-10,Monday,"25,500",Huriyali,Downtown,"Spend $20 with Blackbird Pay, get $5 in $FLY back",2025-11-10 15:00:00,2025-11-10 18:00:00,3,110.63,151.66,-18.96,10.0,4745.0,0,3,0.0,
2025-11-10,Monday,"24,580",Bodega (Dine In),Downtown Charleston,"Spend $40 with Blackbird Pay, get $10 in $FLY back",2025-11-10 14:00:00,2025-11-10 16:00:00,0,0.0,,,0.0,4925.0,0,0,,No transactions during activation period
2025-11-10,Monday,"24,597",Bodega (Coffee Counter),Downtown,"Spend $20 with Blackbird Pay, get $5 in $FLY back",2025-11-10 13:30:00,2025-11-10 15:00:00,0,0.0,,,0.0,4925.0,0,0,,No transactions during activation period
2025-11-10,Monday,"24,614",Bodega (Coffee Counter),Mt. Pleasant ,"Spend $20 with Blackbird Pay, get $5 in $FLY back",2025-11-10 13:30:00,2025-11-10 15:00:00,0,0.0,,,0.0,4925.0,0,0,,No transactions during activation period
2025-11-10,Monday,"25,302",Barn Joo ,Union Square,"Spend $45 with Blackbird Pay, get $15 in $FLY back",2025-11-10 12:00:00,2025-11-10 16:00:00,3,107.15,,,15.0,2395.0,1,2,33.33,
2025-11-10,Monday,"25,461",Rosalind Bakery,Financial District,"Spend $25 with Blackbird Pay, get $10 in $FLY back",2025-11-10 11:00:00,2025-11-10 15:00:00,0,0.0,,,0.0,2500.0,0,0,,No transactions during activation period
2025-11-10,Monday,"25,067",Paper Son Coffee ,SOMA,"Spend $25 with Blackbird Pay, get $25 in $FLY back",2025-11-10 10:00:00,2025-11-10 14:00:00,9,180.74,136.57,325.53,125.0,6400.0,1,8,11.11,
2025-11-10,Monday,"25,075",Paper Son Coffee ,Paper Son Coffee - Dogpatch,"Spend $25 with Blackbird Pay, get $25 in $FLY back",2025-11-10 10:00:00,2025-11-10 14:00:00,1,20.04,,,0.0,6400.0,0,1,0.0,
2025-11-10,Monday,"25,228",Bernie's,Noe Valley,"Spend $25 with Blackbird Pay, get $10 in $FLY back",2025-11-10 10:00:00,2025-11-10 14:00:00,1,5.75,-50.0,-50.0,0.0,2500.0,1,0,100.0,
2025-11-10,Monday,"25,234",Lillian's Market & Cafe,Hampton Park Terrace,"Spend $15 with Blackbird Pay, get $5 in $FLY back",2025-11-10 07:15:00,2025-11-10 12:00:00,3,47.71,-59.58,-32.02,5.0,4550.0,0,3,0.0,
2025-11-10,Monday,"25,754",X-Golf,Williamsburg,"Spend $30 with Blackbird Pay, get $15 in $FLY back",2025-11-10 07:00:00,2025-11-10 19:00:00,1,33.96,,,15.0,4955.0,1,0,100.0,
2025-11-10,Monday,"24,791",Sagaponack General Store,Sagaponack,Spend $100 get $50 in $FLY,2025-11-10 07:00:00,2025-11-10 19:00:00,6,233.94,-35.99,-23.06,50.0,1700.0,2,4,33.33,
2025-11-09,Sunday,"25,889",Third Time's The Charm,Red Hook,"Spend $75 with Blackbird Pay, get $25 in $FLY back",2025-11-09 16:00:00,2025-11-09 21:00:00,0,0.0,,,0.0,0.0,0,0,,No transactions during activation period
2025-11-09,Sunday,"25,441",Upstate Stock,Williamsburg,"Spend $25 with Blackbird Pay, get $10 in $FLY back",2025-11-09 15:00:00,2025-11-09 19:00:00,4,80.06,-34.83,55.54,20.0,2300.0,1,3,25.0,
2025-11-09,Sunday,"25,528",Huriyali,Riverland,"Spend $22 with Blackbird Pay, get $5 in $FLY back",2025-11-09 13:00:00,2025-11-09 15:00:00,4,127.28,58.52,25.47,15.0,4745.0,1,3,25.0,
2025-11-09,Sunday,"25,518",Huriyali,Downtown,"Spend $22 with Blackbird Pay, get $5 back in $FLY",2025-11-09 13:00:00,2025-11-09 15:00:00,4,193.7,243.22,71.78,15.0,4745.0,1,3,25.0,
2025-11-09,Sunday,"22,902",Ace Eat Serve,Uptown,"Spend $100, get $35 FLY back (Pay with Blackbird)",2025-11-09 12:00:00,2025-11-09 22:00:00,2,765.28,,,105.0,2150.0,2,0,100.0,
2025-11-09,Sunday,"25,431",Uncork,Wraggborough,"Spend $45 with Blackbird Pay, get $15 in $FLY back",2025-11-09 12:00:00,2025-11-09 15:00:00,0,0.0,,,0.0,4985.0,0,0,,No transactions during activation period
2025-11-09,Sunday,"25,847",The Little Pig,Boerum Hill,"Spend $75 with Blackbird Pay, get $30 in $FLY back",2025-11-09 11:30:00,2025-11-10 00:00:00,1,33.77,,,0.0,4970.0,1,0,100.0,
2025-11-10,Monday,"25,847",The Little Pig,Boerum Hill,"Spend $75 with Blackbird Pay, get $30 in $FLY back",2025-11-09 11:30:00,2025-11-10 00:00:00,0,0.0,,,0.0,4970.0,0,0,,No transactions during activation period
2025-11-09,Sunday,"25,693",Amen Street Fish & Raw Bar,French Quarter - Charleston,"Spend $40 with Blackbird Pay, get $10 in $FLY back",2025-11-09 11:00:00,2025-11-09 16:00:00,2,161.05,-33.86,-13.36,20.0,2410.0,1,1,50.0,
2025-11-09,Sunday,"25,414",Palm House,Marina,"Spend $55 with Blackbird Pay, get $20 in $FLY back",2025-11-09 10:30:00,2025-11-09 15:00:00,0,0.0,,,0.0,5000.0,0,0,,No transactions during activation period
2025-11-09,Sunday,"25,074",Paper Son Coffee ,Paper Son Coffee - Dogpatch,"Spend $25 with Blackbird Pay, get $25 in $FLY back",2025-11-09 10:00:00,2025-11-09 14:00:00,5,93.32,425.75,181.69,75.0,6400.0,4,1,80.0,
2025-11-09,Sunday,"25,608",Dada,Ridgewood,"Spend $50 with Blackbird Pay, get $25 in $FLY back",2025-11-09 10:00:00,2025-11-10 00:00:00,0,0.0,,,0.0,4950.0,0,0,,No transactions during activation period
2025-11-10,Monday,"25,608",Dada,Ridgewood,"Spend $50 with Blackbird Pay, get $25 in $FLY back",2025-11-09 10:00:00,2025-11-10 00:00:00,0,0.0,,,0.0,4950.0,0,0,,No transactions during activation period
2025-11-09,Sunday,"25,011",Rudy Royale,Rudy Royale,"Spend $55 with Blackbird Pay, get $20 in $FLY back",2025-11-09 10:00:00,2025-11-09 14:00:00,1,49.77,206.28,53.14,0.0,4550.0,0,1,0.0,
2025-11-09,Sunday,"24,857",The Lost Draft,SoHo,"Spend $25 with Blackbird Pay, get $10 in $FLY back",2025-11-09 08:00:00,2025-11-09 12:00:00,2,60.41,,,20.0,2460.0,1,1,50.0,
2025-11-09,Sunday,"24,790",Sagaponack General Store,Sagaponack,Spend $100 get $50 in $FLY,2025-11-09 07:00:00,2025-11-09 19:00:00,4,77.37,-74.67,-59.23,0.0,1700.0,2,2,50.0,
2025-11-08,Saturday,"25,888",Third Time's The Charm,Red Hook,"Spend $75 with Blackbird Pay, get $25 in $FLY back",2025-11-08 16:00:00,2025-11-09 00:00:00,0,0.0,,,0.0,0.0,0,0,,No transactions during activation period
2025-11-09,Sunday,"25,888",Third Time's The Charm,Red Hook,"Spend $75 with Blackbird Pay, get $25 in $FLY back",2025-11-08 16:00:00,2025-11-09 00:00:00,0,0.0,,,0.0,0.0,0,0,,No transactions during activation period
2025-11-08,Saturday,"25,517",Huriyali,Downtown,"Spend $22 with Blackbird Pay, get $5 back in $FLY",2025-11-08 13:00:00,2025-11-08 15:00:00,5,120.3,-27.84,-21.89,10.0,4745.0,1,4,20.0,
2025-11-08,Saturday,"25,527",Huriyali,Riverland,"Spend $22 with Blackbird Pay, get $5 in $FLY back",2025-11-08 13:00:00,2025-11-08 15:00:00,3,59.53,-24.38,-36.76,10.0,4745.0,1,2,33.33,
2025-11-08,Saturday,"22,901",Ace Eat Serve,Uptown,"Spend $100, get $35 FLY back (Pay with Blackbird)",2025-11-08 12:00:00,2025-11-09 00:00:00,3,76.69,,,0.0,2150.0,1,2,33.33,
2025-11-09,Sunday,"22,901",Ace Eat Serve,Uptown,"Spend $100, get $35 FLY back (Pay with Blackbird)",2025-11-08 12:00:00,2025-11-09 00:00:00,0,0.0,,,0.0,2150.0,0,0,,No transactions during activation period
2025-11-08,Saturday,"25,846",The Little Pig,Boerum Hill,"Spend $75 with Blackbird Pay, get $30 in $FLY back",2025-11-08 11:30:00,2025-11-09 02:00:00,0,0.0,,,0.0,4970.0,0,0,,No transactions during activation period
2025-11-09,Sunday,"25,846",The Little Pig,Boerum Hill,"Spend $75 with Blackbird Pay, get $30 in $FLY back",2025-11-08 11:30:00,2025-11-09 02:00:00,0,0.0,,,0.0,4970.0,0,0,,No transactions during activation period
2025-11-08,Saturday,"24,554",Ma'am Saab,Downtown Charleston,"Spend $35 with Blackbird Pay, get $10 in $FLY back",2025-11-08 11:30:00,2025-11-08 14:00:00,1,43.96,,,10.0,4960.0,0,1,0.0,
2025-11-08,Saturday,"25,692",Amen Street Fish & Raw Bar,French Quarter - Charleston,"Spend $40 with Blackbird Pay, get $10 in $FLY back",2025-11-08 11:00:00,2025-11-08 16:00:00,1,64.16,-63.23,29.27,10.0,2410.0,1,0,100.0,
2025-11-08,Saturday,"25,413",Palm House,Marina,"Spend $55 with Blackbird Pay, get $20 in $FLY back",2025-11-08 10:30:00,2025-11-08 15:00:00,0,0.0,,,0.0,5000.0,0,0,,No transactions during activation period
2025-11-08,Saturday,"25,607",Dada,Ridgewood,"Spend $50 with Blackbird Pay, get $25 in $FLY back",2025-11-08 10:00:00,2025-11-09 04:00:00,0,0.0,,,0.0,4950.0,0,0,,No transactions during activation period
2025-11-09,Sunday,"25,607",Dada,Ridgewood,"Spend $50 with Blackbird Pay, get $25 in $FLY back",2025-11-08 10:00:00,2025-11-09 04:00:00,0,0.0,,,0.0,4950.0,0,0,,No transactions during activation period
2025-11-08,Saturday,"25,073",Paper Son Coffee ,Paper Son Coffee - Dogpatch,"Spend $25 with Blackbird Pay, get $25 in $FLY back",2025-11-08 10:00:00,2025-11-08 14:00:00,5,119.93,702.21,72.58,100.0,6400.0,5,0,100.0,
2025-11-08,Saturday,"25,685",Upstate Stock,Williamsburg,"Spend $30 with Blackbird Pay, get $10 in $FLY back",2025-11-08 07:30:00,2025-11-08 19:00:00,24,415.49,1.69,-9.88,50.0,2300.0,6,18,25.0,
2025-11-08,Saturday,"24,789",Sagaponack General Store,Sagaponack,Spend $100 get $50 in $FLY,2025-11-08 07:00:00,2025-11-08 19:00:00,8,437.5,66.82,-18.69,100.0,1700.0,3,5,37.5,
2025-11-07,Friday,"25,312",The Blue Light,Pacific Heights,"Spend $40 with Blackbird Pay, get $15 in $FLY back",2025-11-07 16:00:00,2025-11-07 18:00:00,0,0.0,,,0.0,4985.0,0,0,,No transactions during activation period
2025-11-07,Friday,"24,650",Carta,West Village,"Spend $50 with Blackbird Pay, get $25 in $FLY back",2025-11-07 16:00:00,2025-11-07 19:00:00,0,0.0,,,0.0,0.0,0,0,,No transactions during activation period
2025-11-07,Friday,"22,900",Ace Eat Serve,Uptown,"Spend $100, get $35 FLY back (Pay with Blackbird)",2025-11-07 16:00:00,2025-11-08 00:00:00,0,0.0,,,0.0,2150.0,0,0,,No transactions during activation period
2025-11-08,Saturday,"22,900",Ace Eat Serve,Uptown,"Spend $100, get $35 FLY back (Pay with Blackbird)",2025-11-07 16:00:00,2025-11-08 00:00:00,0,0.0,,,0.0,2150.0,0,0,,No transactions during activation period
2025-11-07,Friday,"25,539",Huriyali,Riverland,"Spend $20 with Blackbird Pay, get $5 in $FLY back",2025-11-07 15:00:00,2025-11-07 18:00:00,1,10.03,-84.77,-50.25,0.0,4745.0,0,1,0.0,
2025-11-07,Friday,"25,499",Huriyali,Downtown,"Spend $20 with Blackbird Pay, get $5 in $FLY back",2025-11-07 15:00:00,2025-11-07 18:00:00,2,40.92,-21.6,-16.32,5.0,4745.0,1,1,50.0,
2025-11-07,Friday,"24,579",Bodega (Dine In),Downtown Charleston,"Spend $40 with Blackbird Pay, get $10 in $FLY back",2025-11-07 14:00:00,2025-11-07 16:00:00,0,0.0,,,0.0,4925.0,0,0,,No transactions during activation period
2025-11-07,Friday,"25,293",Park & Grove,Downtown,"Spend $30 with Blackbird Pay, get $10 in $FLY back",2025-11-07 13:00:00,2025-11-07 17:00:00,6,340.2,146.6,-33.06,50.0,4700.0,2,4,33.33,
2025-11-07,Friday,"25,845",The Little Pig,Boerum Hill,"Spend $75 with Blackbird Pay, get $30 in $FLY back",2025-11-07 11:30:00,2025-11-08 02:00:00,2,121.21,,,30.0,4970.0,2,0,100.0,
2025-11-08,Saturday,"25,845",The Little Pig,Boerum Hill,"Spend $75 with Blackbird Pay, get $30 in $FLY back",2025-11-07 11:30:00,2025-11-08 02:00:00,0,0.0,,,0.0,4970.0,0,0,,No transactions during activation period
2025-11-07,Friday,"24,553",Ma'am Saab,Downtown Charleston,"Spend $35 with Blackbird Pay, get $10 in $FLY back",2025-11-07 11:30:00,2025-11-07 14:00:00,0,0.0,,,0.0,4960.0,0,0,,No transactions during activation period
2025-11-07,Friday,"25,691",Amen Street Fish & Raw Bar,French Quarter - Charleston,"Spend $40 with Blackbird Pay, get $10 in $FLY back",2025-11-07 11:00:00,2025-11-07 16:00:00,0,0.0,,,0.0,2410.0,0,0,,No transactions during activation period
2025-11-07,Friday,"25,072",Paper Son Coffee ,Paper Son Coffee - Dogpatch,"Spend $25 with Blackbird Pay, get $25 in $FLY back",2025-11-07 10:00:00,2025-11-07 14:00:00,0,0.0,,,0.0,6400.0,0,0,,No transactions during activation period
2025-11-07,Friday,"25,606",Dada,Ridgewood,"Spend $50 with Blackbird Pay, get $25 in $FLY back",2025-11-07 08:00:00,2025-11-08 04:00:00,0,0.0,,,0.0,4950.0,0,0,,No transactions during activation period
2025-11-08,Saturday,"25,606",Dada,Ridgewood,"Spend $50 with Blackbird Pay, get $25 in $FLY back",2025-11-07 08:00:00,2025-11-08 04:00:00,0,0.0,,,0.0,4950.0,0,0,,No transactions during activation period
2025-11-07,Friday,"25,684",Upstate Stock,Williamsburg,"Spend $30 with Blackbird Pay, get $10 in $FLY back",2025-11-07 07:30:00,2025-11-07 18:30:00,24,354.19,18.71,-24.17,40.0,2300.0,3,21,12.5,
2025-11-07,Friday,"25,753",X-Golf,Williamsburg,"Spend $30 with Blackbird Pay, get $15 in $FLY back",2025-11-07 07:00:00,2025-11-07 19:00:00,0,0.0,,,0.0,4955.0,0,0,,No transactions during activation period
2025-11-06,Thursday,"25,311",The Blue Light,Pacific Heights,"Spend $40 with Blackbird Pay, get $15 in $FLY back",2025-11-06 22:00:00,2025-11-07 01:30:00,0,0.0,,,0.0,4985.0,0,0,,No transactions during activation period
2025-11-07,Friday,"25,311",The Blue Light,Pacific Heights,"Spend $40 with Blackbird Pay, get $15 in $FLY back",2025-11-06 22:00:00,2025-11-07 01:30:00,0,0.0,,,0.0,4985.0,0,0,,No transactions during activation period
2025-11-06,Thursday,"25,456",The Archer,East Central,"Spend $80 with Blackbird Pay, get $25 in $FLY back",2025-11-06 17:00:00,2025-11-06 21:00:00,6,728.21,462.51,39.67,50.0,4800.0,3,3,50.0,
2025-11-06,Thursday,"22,899",Ace Eat Serve,Uptown,"Spend $100, get $35 FLY back (Pay with Blackbird)",2025-11-06 16:00:00,2025-11-06 22:00:00,0,0.0,,,0.0,2150.0,0,0,,No transactions during activation period
2025-11-06,Thursday,"25,721",Friend of a Farmer,Upper West Side,"Spend $25 with Blackbird Pay, get $10 in $FLY back (Happy Hour Only)",2025-11-06 16:00:00,2025-11-06 18:00:00,0,0.0,,,0.0,2420.0,0,0,,No transactions during activation period
2025-11-06,Thursday,"24,649",Carta,West Village,"Spend $50 with Blackbird Pay, get $25 in $FLY back",2025-11-06 16:00:00,2025-11-06 19:00:00,3,181.6,,,50.0,0.0,3,0,100.0,
2025-11-06,Thursday,"25,697",Friend of a Farmer,Gramercy,"Spend $25 with Blackbird Pay, get $10 in $FLY back (Happy Hour Only)",2025-11-06 16:00:00,2025-11-06 18:00:00,0,0.0,,,0.0,2420.0,0,0,,No transactions during activation period
2025-11-06,Thursday,"25,538",Huriyali,Riverland,"Spend $20 with Blackbird Pay, get $5 in $FLY back",2025-11-06 15:00:00,2025-11-06 18:00:00,3,51.51,8.05,-32.54,5.0,4745.0,1,2,33.33,
2025-11-06,Thursday,"25,498",Huriyali,Downtown,"Spend $20 with Blackbird Pay, get $5 in $FLY back",2025-11-06 15:00:00,2025-11-06 18:00:00,5,62.48,48.89,-4.4,0.0,4745.0,1,4,20.0,
2025-11-06,Thursday,"24,671",Holy City Brewing,Park Circle - Charleston,"Spend $35 with Blackbird Pay, get $15 in $FLY back",2025-11-06 13:00:00,2025-11-06 17:00:00,1,8.35,-92.57,-93.27,0.0,2275.0,0,1,0.0,
2025-11-06,Thursday,"25,014",Lewis Barbecue,NoMo,"Spend $30 with Blackbird Pay, get $10 in $FLY back",2025-11-06 13:00:00,2025-11-06 17:00:00,3,96.67,120.0,3.12,20.0,4790.0,2,1,66.67,
2025-11-06,Thursday,"25,271",Taco Boy,Folly Beach,"Spend $50 with Blackbird Pay, get $20 in $FLY back",2025-11-06 12:00:00,2025-11-06 15:00:00,0,0.0,,,0.0,4700.0,0,0,,No transactions during activation period
2025-11-06,Thursday,"25,878",Momoya,SoHo,"Spend $35 with Blackbird Pay, get $15 in $FLY back",2025-11-06 12:00:00,2025-11-06 22:00:00,7,328.33,106.75,-32.28,105.0,2335.0,2,5,28.57,
2025-11-06,Thursday,"24,552",Ma'am Saab,Downtown Charleston,"Spend $35 with Blackbird Pay, get $10 in $FLY back",2025-11-06 11:30:00,2025-11-06 14:00:00,0,0.0,,,0.0,4960.0,0,0,,No transactions during activation period
2025-11-06,Thursday,"25,690",Amen Street Fish & Raw Bar,French Quarter - Charleston,"Spend $40 with Blackbird Pay, get $10 in $FLY back",2025-11-06 11:00:00,2025-11-06 16:00:00,4,342.47,245.65,321.34,20.0,2410.0,2,2,50.0,
2025-11-06,Thursday,"25,283",Taco Boy,Summerville,"Spend $50 with Blackbird Pay, get $20 in $FLY back",2025-11-06 11:00:00,2025-11-06 15:00:00,0,0.0,,,0.0,4700.0,0,0,,No transactions during activation period
2025-11-06,Thursday,"25,259",Taco Boy,Downtown,"Spend $50 with Blackbird Pay, get $20 in $FLY back",2025-11-06 11:00:00,2025-11-06 15:00:00,4,137.47,28.76,47.66,20.0,4700.0,3,1,75.0,
2025-11-06,Thursday,"25,071",Paper Son Coffee ,Paper Son Coffee - Dogpatch,"Spend $25 with Blackbird Pay, get $25 in $FLY back",2025-11-06 10:00:00,2025-11-06 14:00:00,2,31.5,-7.27,-7.27,25.0,6400.0,0,2,0.0,
2025-11-06,Thursday,"24,605",Bodega (Coffee Counter),Mt. Pleasant ,"Spend $20 with Blackbird Pay, get $5 in $FLY back",2025-11-06 09:00:00,2025-11-06 11:00:00,2,25.29,-64.36,-49.46,0.0,4925.0,0,2,0.0,
2025-11-06,Thursday,"24,588",Bodega (Coffee Counter),Downtown,"Spend $20 with Blackbird Pay, get $5 in $FLY back",2025-11-06 09:00:00,2025-11-06 11:00:00,3,74.48,,,10.0,4925.0,1,2,33.33,
2025-11-06,Thursday,"25,605",Dada,Ridgewood,"Spend $50 with Blackbird Pay, get $25 in $FLY back",2025-11-06 08:00:00,2025-11-07 02:00:00,0,0.0,,,0.0,4950.0,0,0,,No transactions during activation period
2025-11-07,Friday,"25,605",Dada,Ridgewood,"Spend $50 with Blackbird Pay, get $25 in $FLY back",2025-11-06 08:00:00,2025-11-07 02:00:00,0,0.0,,,0.0,4950.0,0,0,,No transactions during activation period
2025-11-06,Thursday,"25,683",Upstate Stock,Williamsburg,"Spend $30 with Blackbird Pay, get $10 in $FLY back",2025-11-06 07:30:00,2025-11-06 18:30:00,24,218.69,-8.31,-20.92,0.0,2300.0,2,22,8.33,
2025-11-06,Thursday,"24,787",Sagaponack General Store,Sagaponack,Spend $100 get $50 in $FLY,2025-11-06 07:00:00,2025-11-06 19:00:00,1,15.38,-93.01,-25.16,0.0,1700.0,0,1,0.0,
2025-11-05,Wednesday,"25,318",Indigo,Marina,"Spend $90 with Blackbird Pay, get $25 in $FLY back",2025-11-05 17:00:00,2025-11-05 21:00:00,1,10.93,,,0.0,5000.0,0,1,0.0,
2025-11-05,Wednesday,"25,021",Nopalito,NOPA,"Spend $55 with Blackbird Pay, get $20 in $FLY back",2025-11-05 16:30:00,2025-11-05 21:00:00,0,0.0,,,0.0,5000.0,0,0,,No transactions during activation period
2025-11-05,Wednesday,"25,696",Friend of a Farmer,Gramercy,"Spend $25 with Blackbird Pay, get $10 in $FLY back (Happy Hour Only)",2025-11-05 16:00:00,2025-11-05 18:00:00,1,21.83,28.56,28.56,0.0,2420.0,1,0,100.0,
2025-11-05,Wednesday,"25,720",Friend of a Farmer,Upper West Side,"Spend $25 with Blackbird Pay, get $10 in $FLY back (Happy Hour Only)",2025-11-05 16:00:00,2025-11-05 18:00:00,0,0.0,,,0.0,2420.0,0,0,,No transactions during activation period
2025-11-05,Wednesday,"22,898",Ace Eat Serve,Uptown,"Spend $100, get $35 FLY back (Pay with Blackbird)",2025-11-05 16:00:00,2025-11-05 22:00:00,0,0.0,,,0.0,2150.0,0,0,,No transactions during activation period
2025-11-05,Wednesday,"24,648",Carta,West Village,"Spend $50 with Blackbird Pay, get $25 in $FLY back",2025-11-05 16:00:00,2025-11-05 19:00:00,1,90.28,,,25.0,0.0,1,0,100.0,
2025-11-05,Wednesday,"25,537",Huriyali,Riverland,"Spend $20 with Blackbird Pay, get $5 in $FLY back",2025-11-05 15:00:00,2025-11-05 18:00:00,0,0.0,,,0.0,4745.0,0,0,,No transactions during activation period
2025-11-05,Wednesday,"25,497",Huriyali,Downtown,"Spend $20 with Blackbird Pay, get $5 in $FLY back",2025-11-05 15:00:00,2025-11-05 18:00:00,4,94.01,69.69,-38.13,10.0,4745.0,0,4,0.0,
2025-11-05,Wednesday,"24,578",Bodega (Dine In),Downtown Charleston,"Spend $40 with Blackbird Pay, get $10 in $FLY back",2025-11-05 14:00:00,2025-11-05 16:00:00,1,12.21,,,0.0,4925.0,0,1,0.0,
2025-11-05,Wednesday,"24,613",Bodega (Coffee Counter),Mt. Pleasant ,"Spend $20 with Blackbird Pay, get $5 in $FLY back",2025-11-05 13:30:00,2025-11-05 15:00:00,1,4.97,,,0.0,4925.0,0,1,0.0,
2025-11-05,Wednesday,"24,596",Bodega (Coffee Counter),Downtown,"Spend $20 with Blackbird Pay, get $5 in $FLY back",2025-11-05 13:30:00,2025-11-05 15:00:00,1,8.51,,,0.0,4925.0,0,1,0.0,
2025-11-05,Wednesday,"25,292",Park & Grove,Downtown,"Spend $30 with Blackbird Pay, get $10 in $FLY back",2025-11-05 13:00:00,2025-11-05 17:00:00,5,255.53,1740.99,473.05,40.0,4700.0,3,2,60.0,
2025-11-05,Wednesday,"25,406",Spike's Coffees and Teas,The Castro,"Spend $25 with Blackbird Pay, get $10 in $FLY back",2025-11-05 13:00:00,2025-11-05 17:00:00,3,27.29,293.61,250.0,0.0,2500.0,0,3,0.0,
2025-11-05,Wednesday,"25,047",Tacolicious,Mission,"Spend $30 with Blackbird Pay, get $10 in $FLY back",2025-11-05 12:00:00,2025-11-05 16:00:00,0,0.0,,,0.0,7490.0,0,0,,No transactions during activation period
2025-11-05,Wednesday,"25,301",Barn Joo ,Union Square,"Spend $45 with Blackbird Pay, get $15 in $FLY back",2025-11-05 12:00:00,2025-11-05 16:00:00,1,47.0,-43.64,12.72,15.0,2395.0,0,1,0.0,
2025-11-05,Wednesday,"25,043",Tacolicious,Marina,"Spend $30 with Blackbird Pay, get $10 in $FLY back",2025-11-05 12:00:00,2025-11-05 16:00:00,0,0.0,,,0.0,7490.0,0,0,,No transactions during activation period
2025-11-05,Wednesday,"25,270",Taco Boy,Folly Beach,"Spend $50 with Blackbird Pay, get $20 in $FLY back",2025-11-05 12:00:00,2025-11-05 15:00:00,0,0.0,,,0.0,4700.0,0,0,,No transactions during activation period
2025-11-05,Wednesday,"24,551",Ma'am Saab,Downtown Charleston,"Spend $35 with Blackbird Pay, get $10 in $FLY back",2025-11-05 11:30:00,2025-11-05 14:00:00,0,0.0,,,0.0,4960.0,0,0,,No transactions during activation period
2025-11-05,Wednesday,"25,258",Taco Boy,Downtown,"Spend $50 with Blackbird Pay, get $20 in $FLY back",2025-11-05 11:00:00,2025-11-05 15:00:00,2,88.78,-49.0,38.61,20.0,4700.0,1,1,50.0,
2025-11-05,Wednesday,"25,689",Amen Street Fish & Raw Bar,French Quarter - Charleston,"Spend $40 with Blackbird Pay, get $10 in $FLY back",2025-11-05 11:00:00,2025-11-05 16:00:00,1,14.43,-74.26,-50.0,0.0,2410.0,0,1,0.0,
2025-11-05,Wednesday,"25,563",CyBelle's Front Room,Inner Sunset,Spend $20+ Get $10 in $Flyback!,2025-11-05 11:00:00,2025-11-05 20:00:00,0,0.0,,,0.0,0.0,0,0,,No transactions during activation period
2025-11-05,Wednesday,"24,675",The Greats of Craft,LIC,"Spend $35 with Blackbird Pay, get $15 in $FLY back",2025-11-05 11:00:00,2025-11-05 15:00:00,0,0.0,,,0.0,4985.0,0,0,,No transactions during activation period
2025-11-05,Wednesday,"24,679",The Greats of Craft,Midtown East,"Spend $35 with Blackbird Pay, get $15 in $FLY back",2025-11-05 11:00:00,2025-11-05 15:00:00,0,0.0,,,0.0,4985.0,0,0,,No transactions during activation period
2025-11-05,Wednesday,"25,282",Taco Boy,Summerville,"Spend $50 with Blackbird Pay, get $20 in $FLY back",2025-11-05 11:00:00,2025-11-05 15:00:00,0,0.0,,,0.0,4700.0,0,0,,No transactions during activation period
2025-11-05,Wednesday,"25,448",Baguette Magic,West Ashley,"Spend $25 with Blackbird Pay, get $10 in $FLY back",2025-11-05 10:00:00,2025-11-05 14:00:00,2,33.0,-64.17,32.69,0.0,4940.0,1,1,50.0,
2025-11-05,Wednesday,"25,452",Baguette Magic,James Island,"Spend $25 with Blackbird Pay, get $10 in $FLY back",2025-11-05 10:00:00,2025-11-05 14:00:00,0,0.0,,,0.0,4940.0,0,0,,No transactions during activation period
2025-11-05,Wednesday,"25,070",Paper Son Coffee ,Paper Son Coffee - Dogpatch,"Spend $25 with Blackbird Pay, get $25 in $FLY back",2025-11-05 10:00:00,2025-11-05 14:00:00,1,33.66,138.3,247.46,25.0,6400.0,1,0,100.0,
2025-11-05,Wednesday,"25,604",Dada,Ridgewood,"Spend $50 with Blackbird Pay, get $25 in $FLY back",2025-11-05 08:00:00,2025-11-06 02:00:00,0,0.0,,,0.0,4950.0,0,0,,No transactions during activation period
2025-11-06,Thursday,"25,604",Dada,Ridgewood,"Spend $50 with Blackbird Pay, get $25 in $FLY back",2025-11-05 08:00:00,2025-11-06 02:00:00,0,0.0,,,0.0,4950.0,0,0,,No transactions during activation period
2025-11-05,Wednesday,"25,682",Upstate Stock,Williamsburg,"Spend $30 with Blackbird Pay, get $10 in $FLY back",2025-11-05 07:30:00,2025-11-05 18:30:00,17,179.29,-29.19,11.88,10.0,2300.0,0,17,0.0,
2025-11-05,Wednesday,"25,233",Lillian's Market & Cafe,Hampton Park Terrace,"Spend $15 with Blackbird Pay, get $5 in $FLY back",2025-11-05 07:15:00,2025-11-05 12:00:00,8,138.73,-1.29,-15.99,15.0,4550.0,3,5,37.5,
2025-11-05,Wednesday,"24,786",Sagaponack General Store,Sagaponack,Spend $100 get $50 in $FLY,2025-11-05 07:00:00,2025-11-05 19:00:00,1,83.8,-39.06,635.73,0.0,1700.0,0,1,0.0,
2025-11-04,Tuesday,"25,309",The Blue Light,Pacific Heights,"Spend $40 with Blackbird Pay, get $15 in $FLY back",2025-11-04 18:00:00,2025-11-04 22:00:00,0,0.0,,,0.0,4985.0,0,0,,No transactions during activation period
2025-11-04,Tuesday,"25,249",Lillian's Restaurant,Hampton Park Terrace,"Spend $75 with Blackbird Pay, get $25 in $FLY back",2025-11-04 17:00:00,2025-11-04 21:00:00,4,363.66,33.4,-7.99,50.0,4550.0,1,3,25.0,
2025-11-04,Tuesday,"22,897",Ace Eat Serve,Uptown,"Spend $100, get $35 FLY back (Pay with Blackbird)",2025-11-04 16:00:00,2025-11-04 22:00:00,0,0.0,,,0.0,2150.0,0,0,,No transactions during activation period
2025-11-04,Tuesday,"25,695",Friend of a Farmer,Gramercy,"Spend $25 with Blackbird Pay, get $10 in $FLY back (Happy Hour Only)",2025-11-04 16:00:00,2025-11-04 18:00:00,0,0.0,,,0.0,2420.0,0,0,,No transactions during activation period
2025-11-04,Tuesday,"24,647",Carta,West Village,"Spend $50 with Blackbird Pay, get $25 in $FLY back",2025-11-04 16:00:00,2025-11-04 19:00:00,0,0.0,,,0.0,0.0,0,0,,No transactions during activation period
2025-11-04,Tuesday,"25,719",Friend of a Farmer,Upper West Side,"Spend $25 with Blackbird Pay, get $10 in $FLY back (Happy Hour Only)",2025-11-04 16:00:00,2025-11-04 18:00:00,2,124.47,15.01,-43.64,20.0,2420.0,2,0,100.0,
2025-11-04,Tuesday,"25,496",Huriyali,Downtown,"Spend $20 with Blackbird Pay, get $5 in $FLY back",2025-11-04 15:00:00,2025-11-04 18:00:00,1,28.3,-52.05,-15.9,5.0,4745.0,0,1,0.0,
2025-11-04,Tuesday,"25,536",Huriyali,Riverland,"Spend $20 with Blackbird Pay, get $5 in $FLY back",2025-11-04 15:00:00,2025-11-04 18:00:00,3,86.31,236.01,61.47,5.0,4745.0,0,3,0.0,
2025-11-04,Tuesday,"25,426",Bon Banh Mi,Mt. Pleasant,"Spend $30 with Blackbird Pay, get $10 in $FLY back",2025-11-04 13:00:00,2025-11-04 17:00:00,5,284.4,177.73,0.37,50.0,4900.0,2,3,40.0,
2025-11-04,Tuesday,"25,422",Bon Banh Mi,South Mt. Pleasant,"Spend $30 with Blackbird Pay, get $10 in $FLY back",2025-11-04 13:00:00,2025-11-04 17:00:00,2,38.3,8.28,-45.86,0.0,4900.0,2,0,100.0,
2025-11-04,Tuesday,"25,418",Bon Banh Mi,Downtown,"Spend $30 with Blackbird Pay, get $10 in $FLY back",2025-11-04 13:00:00,2025-11-04 17:00:00,1,53.68,,,10.0,4900.0,1,0,100.0,
2025-11-04,Tuesday,"25,269",Taco Boy,Folly Beach,"Spend $50 with Blackbird Pay, get $20 in $FLY back",2025-11-04 12:00:00,2025-11-04 15:00:00,0,0.0,,,0.0,4700.0,0,0,,No transactions during activation period
2025-11-04,Tuesday,"24,550",Ma'am Saab,Downtown Charleston,"Spend $35 with Blackbird Pay, get $10 in $FLY back",2025-11-04 11:30:00,2025-11-04 14:00:00,0,0.0,,,0.0,4960.0,0,0,,No transactions during activation period
2025-11-04,Tuesday,"25,688",Amen Street Fish & Raw Bar,French Quarter - Charleston,"Spend $40 with Blackbird Pay, get $10 in $FLY back",2025-11-04 11:00:00,2025-11-04 16:00:00,1,223.19,37.04,174.08,10.0,2410.0,0,1,0.0,
2025-11-04,Tuesday,"25,017",Rancho Lewis,NoMo,"Spend $30 with Blackbird Pay, get $10 in $FLY back",2025-11-04 11:00:00,2025-11-04 15:00:00,6,298.7,315.5,341.97,50.0,4790.0,2,4,33.33,
2025-11-04,Tuesday,"25,257",Taco Boy,Downtown,"Spend $50 with Blackbird Pay, get $20 in $FLY back",2025-11-04 11:00:00,2025-11-04 15:00:00,1,5.71,-94.55,-93.21,0.0,4700.0,0,1,0.0,
2025-11-04,Tuesday,"25,281",Taco Boy,Summerville,"Spend $50 with Blackbird Pay, get $20 in $FLY back",2025-11-04 11:00:00,2025-11-04 15:00:00,0,0.0,,,0.0,4700.0,0,0,,No transactions during activation period
2025-11-04,Tuesday,"25,069",Paper Son Coffee ,Paper Son Coffee - Dogpatch,"Spend $25 with Blackbird Pay, get $25 in $FLY back",2025-11-04 10:00:00,2025-11-04 14:00:00,5,66.89,1251.31,35.15,25.0,6400.0,2,3,40.0,
2025-11-04,Tuesday,"24,587",Bodega (Coffee Counter),Downtown,"Spend $20 with Blackbird Pay, get $5 in $FLY back",2025-11-04 09:00:00,2025-11-04 11:00:00,0,0.0,,,0.0,4925.0,0,0,,No transactions during activation period
2025-11-04,Tuesday,"25,562",CyBelle's Front Room,Inner Sunset,Spend $20+ Get $10 in $Flyback!,2025-11-04 09:00:00,2025-11-04 17:00:00,0,0.0,,,0.0,0.0,0,0,,No transactions during activation period
2025-11-04,Tuesday,"24,604",Bodega (Coffee Counter),Mt. Pleasant ,"Spend $20 with Blackbird Pay, get $5 in $FLY back",2025-11-04 09:00:00,2025-11-04 11:00:00,1,39.78,9.71,203.72,5.0,4925.0,0,1,0.0,
2025-11-04,Tuesday,"24,785",Sagaponack General Store,Sagaponack,Spend $100 get $50 in $FLY,2025-11-04 09:00:00,2025-11-04 17:00:00,0,0.0,,,0.0,1700.0,0,0,,No transactions during activation period
2025-11-04,Tuesday,"25,603",Dada,Ridgewood,"Spend $50 with Blackbird Pay, get $25 in $FLY back",2025-11-04 08:00:00,2025-11-05 02:00:00,0,0.0,,,0.0,4950.0,0,0,,No transactions during activation period
2025-11-05,Wednesday,"25,603",Dada,Ridgewood,"Spend $50 with Blackbird Pay, get $25 in $FLY back",2025-11-04 08:00:00,2025-11-05 02:00:00,0,0.0,,,0.0,4950.0,0,0,,No transactions during activation period
2025-11-04,Tuesday,"25,681",Upstate Stock,Williamsburg,"Spend $30 with Blackbird Pay, get $10 in $FLY back",2025-11-04 07:30:00,2025-11-04 18:30:00,22,322.95,3.67,17.03,20.0,2300.0,2,20,9.09,
2025-11-03,Monday,"25,308",The Blue Light,Pacific Heights,"Spend $40 with Blackbird Pay, get $15 in $FLY back",2025-11-03 18:00:00,2025-11-03 22:00:00,0,0.0,,,0.0,4985.0,0,0,,No transactions during activation period
2025-11-03,Monday,"25,248",Lillian's Restaurant,Hampton Park Terrace,"Spend $75 with Blackbird Pay, get $25 in $FLY back",2025-11-03 17:00:00,2025-11-03 21:00:00,3,204.32,172.44,158.73,25.0,4550.0,0,3,0.0,
2025-11-03,Monday,"24,646",Carta,West Village,"Spend $50 with Blackbird Pay, get $25 in $FLY back",2025-11-03 16:00:00,2025-11-03 19:00:00,1,84.78,,,25.0,0.0,1,0,100.0,
2025-11-03,Monday,"25,694",Friend of a Farmer,Gramercy,"Spend $25 with Blackbird Pay, get $10 in $FLY back (Happy Hour Only)",2025-11-03 16:00:00,2025-11-03 18:00:00,3,220.95,,,30.0,2420.0,3,0,100.0,
2025-11-03,Monday,"25,718",Friend of a Farmer,Upper West Side,"Spend $25 with Blackbird Pay, get $10 in $FLY back (Happy Hour Only)",2025-11-03 16:00:00,2025-11-03 18:00:00,0,0.0,,,0.0,2420.0,0,0,,No transactions during activation period
2025-11-03,Monday,"25,535",Huriyali,Riverland,"Spend $20 with Blackbird Pay, get $5 in $FLY back",2025-11-03 15:00:00,2025-11-03 18:00:00,3,70.68,18.67,-5.8,5.0,4745.0,0,3,0.0,
2025-11-03,Monday,"25,495",Huriyali,Downtown,"Spend $20 with Blackbird Pay, get $5 in $FLY back",2025-11-03 15:00:00,2025-11-03 18:00:00,3,69.6,13.06,21.74,5.0,4745.0,2,1,66.67,
2025-11-03,Monday,"24,577",Bodega (Dine In),Downtown Charleston,"Spend $40 with Blackbird Pay, get $10 in $FLY back",2025-11-03 14:00:00,2025-11-03 16:00:00,3,78.5,696.95,102.44,0.0,4925.0,2,1,66.67,
2025-11-03,Monday,"24,612",Bodega (Coffee Counter),Mt. Pleasant ,"Spend $20 with Blackbird Pay, get $5 in $FLY back",2025-11-03 13:30:00,2025-11-03 15:00:00,1,29.97,,,5.0,4925.0,1,0,100.0,
2025-11-03,Monday,"24,595",Bodega (Coffee Counter),Downtown,"Spend $20 with Blackbird Pay, get $5 in $FLY back",2025-11-03 13:30:00,2025-11-03 15:00:00,1,2.78,-94.66,-84.61,0.0,4925.0,0,1,0.0,
2025-11-03,Monday,"25,300",Barn Joo ,Union Square,"Spend $45 with Blackbird Pay, get $15 in $FLY back",2025-11-03 12:00:00,2025-11-03 16:00:00,2,255.03,556.11,228.06,30.0,2395.0,2,0,100.0,
2025-11-03,Monday,"25,460",Rosalind Bakery,Financial District,"Spend $25 with Blackbird Pay, get $10 in $FLY back",2025-11-03 11:00:00,2025-11-03 15:00:00,1,4.0,-72.09,-50.0,0.0,2500.0,1,0,100.0,
2025-11-03,Monday,"25,561",CyBelle's Front Room,Inner Sunset,Spend $20+ Get $10 in $Flyback!,2025-11-03 11:00:00,2025-11-03 20:00:00,0,0.0,,,0.0,0.0,0,0,,No transactions during activation period
2025-11-03,Monday,"25,687",Amen Street Fish & Raw Bar,French Quarter - Charleston,"Spend $40 with Blackbird Pay, get $10 in $FLY back",2025-11-03 11:00:00,2025-11-03 16:00:00,3,91.92,-34.44,-53.3,10.0,2410.0,1,2,33.33,
2025-11-03,Monday,"25,068",Paper Son Coffee ,Paper Son Coffee - Dogpatch,"Spend $25 with Blackbird Pay, get $25 in $FLY back",2025-11-03 10:00:00,2025-11-03 14:00:00,0,0.0,,,0.0,6400.0,0,0,,No transactions during activation period
2025-11-03,Monday,"25,066",Paper Son Coffee ,SOMA,"Spend $25 with Blackbird Pay, get $25 in $FLY back",2025-11-03 10:00:00,2025-11-03 14:00:00,24,576.29,643.0,339.07,425.0,6400.0,6,18,25.0,
2025-11-03,Monday,"25,227",Bernie's,Noe Valley,"Spend $25 with Blackbird Pay, get $10 in $FLY back",2025-11-03 10:00:00,2025-11-03 14:00:00,2,19.75,3.16,-20.67,0.0,2500.0,0,2,0.0,
2025-11-03,Monday,"25,817",Upstate Stock,Williamsburg,"Spend $30 with Blackbird Pay, get $10 in $FLY back",2025-11-03 07:30:00,2025-11-03 18:30:00,18,218.1,-7.94,6.74,20.0,2300.0,1,17,5.56,
2025-11-03,Monday,"25,232",Lillian's Market & Cafe,Hampton Park Terrace,"Spend $15 with Blackbird Pay, get $5 in $FLY back",2025-11-03 07:15:00,2025-11-03 12:00:00,6,130.82,32.45,26.68,20.0,4550.0,0,6,0.0,
2025-11-03,Monday,"25,752",X-Golf,Williamsburg,"Spend $30 with Blackbird Pay, get $15 in $FLY back",2025-11-03 07:00:00,2025-11-03 19:00:00,1,111.53,,,15.0,4955.0,1,0,100.0,
