week,activation_id,restaurant_name,location_name,activation_description,activation_start,activation_end,unique_users_count,total_tpv,tpv_vs_baseline,median_check_vs_baseline,marketing_spend,remaining_group_budget,new_users_count,returning_users_count,new_user_percentage
Week 2,"25,889",Third Time's The Charm,Red Hook,"Spend $75 with Blackbird Pay, get $25 in $FLY back",2025-11-09 16:00:00,2025-11-09 21:00:00,0,0.0,,,0.0,0.0,0,0,0.0
Week 2,"25,441",Upstate Stock,Williamsburg,"Spend $25 with Blackbird Pay, get $10 in $FLY back",2025-11-09 15:00:00,2025-11-09 19:00:00,4,80.06,-34.83,120.3,20.0,2320.0,1,3,25.0
Week 2,"25,518",Huriyali,Downtown,"Spend $22 with Blackbird Pay, get $5 back in $FLY",2025-11-09 13:00:00,2025-11-09 15:00:00,4,193.7,243.22,80.37,15.0,4830.0,1,3,25.0
Week 2,"25,528",Huriyali,Riverland,"Spend $22 with Blackbird Pay, get $5 in $FLY back",2025-11-09 13:00:00,2025-11-09 15:00:00,4,127.28,58.52,18.25,15.0,4830.0,1,3,25.0
Week 2,"22,902",Ace Eat Serve,Uptown,"Spend $100, get $35 FLY back (Pay with Blackbird)",2025-11-09 12:00:00,2025-11-09 22:00:00,2,765.28,,,105.0,2255.0,2,0,100.0
Week 2,"25,431",Uncork,Wraggborough,"Spend $45 with Blackbird Pay, get $15 in $FLY back",2025-11-09 12:00:00,2025-11-09 15:00:00,0,0.0,,,0.0,4985.0,0,0,0.0
Week 2,"25,693",Amen Street Fish & Raw Bar,French Quarter - Charleston,"Spend $40 with Blackbird Pay, get $10 in $FLY back",2025-11-09 11:00:00,2025-11-09 16:00:00,2,161.05,-33.86,13.29,20.0,2410.0,1,1,50.0
Week 2,"25,414",Palm House,Marina,"Spend $55 with Blackbird Pay, get $20 in $FLY back",2025-11-09 10:30:00,2025-11-09 15:00:00,0,0.0,,,0.0,5000.0,0,0,0.0
Week 2,"25,011",Rudy Royale,Rudy Royale,"Spend $55 with Blackbird Pay, get $20 in $FLY back",2025-11-09 10:00:00,2025-11-09 14:00:00,1,49.77,206.28,53.14,0.0,4670.0,0,1,0.0
Week 2,"25,074",Paper Son Coffee ,Paper Son Coffee - Dogpatch,"Spend $25 with Blackbird Pay, get $25 in $FLY back",2025-11-09 10:00:00,2025-11-09 14:00:00,5,93.32,425.75,207.69,75.0,6700.0,1,4,20.0
Week 2,"24,857",The Lost Draft,SoHo,"Spend $25 with Blackbird Pay, get $10 in $FLY back",2025-11-09 08:00:00,2025-11-09 12:00:00,2,60.41,,,20.0,2460.0,1,1,50.0
Week 2,"24,790",Sagaponack General Store,Sagaponack,Spend $100 get $50 in $FLY,2025-11-09 07:00:00,2025-11-09 19:00:00,4,77.37,-74.67,-62.37,0.0,2050.0,2,2,50.0
Week 2,"25,888",Third Time's The Charm,Red Hook,"Spend $75 with Blackbird Pay, get $25 in $FLY back",2025-11-08 16:00:00,2025-11-09 00:00:00,0,0.0,-100.0,-100.0,0.0,0.0,0,0,0.0
Week 2,"25,527",Huriyali,Riverland,"Spend $22 with Blackbird Pay, get $5 in $FLY back",2025-11-08 13:00:00,2025-11-08 15:00:00,3,59.53,-24.38,0.0,10.0,4830.0,1,2,33.33
Week 2,"25,517",Huriyali,Downtown,"Spend $22 with Blackbird Pay, get $5 back in $FLY",2025-11-08 13:00:00,2025-11-08 15:00:00,5,120.3,-27.84,-21.89,10.0,4830.0,1,4,20.0
Week 2,"22,901",Ace Eat Serve,Uptown,"Spend $100, get $35 FLY back (Pay with Blackbird)",2025-11-08 12:00:00,2025-11-09 00:00:00,3,76.69,,,0.0,2255.0,1,2,33.33
Week 2,"24,554",Ma'am Saab,Downtown Charleston,"Spend $35 with Blackbird Pay, get $10 in $FLY back",2025-11-08 11:30:00,2025-11-08 14:00:00,1,43.96,,,10.0,4960.0,0,1,0.0
Week 2,"25,846",The Little Pig,Boerum Hill,"Spend $75 with Blackbird Pay, get $30 in $FLY back",2025-11-08 11:30:00,2025-11-09 02:00:00,0,0.0,,,0.0,4970.0,0,0,0.0
Week 2,"25,692",Amen Street Fish & Raw Bar,French Quarter - Charleston,"Spend $40 with Blackbird Pay, get $10 in $FLY back",2025-11-08 11:00:00,2025-11-08 16:00:00,1,64.16,-63.23,110.36,10.0,2410.0,1,0,100.0
Week 2,"25,413",Palm House,Marina,"Spend $55 with Blackbird Pay, get $20 in $FLY back",2025-11-08 10:30:00,2025-11-08 15:00:00,0,0.0,,,0.0,5000.0,0,0,0.0
Week 2,"25,073",Paper Son Coffee ,Paper Son Coffee - Dogpatch,"Spend $25 with Blackbird Pay, get $25 in $FLY back",2025-11-08 10:00:00,2025-11-08 14:00:00,5,119.93,702.21,72.58,100.0,6700.0,2,3,40.0
Week 2,"25,607",Dada,Ridgewood,"Spend $50 with Blackbird Pay, get $25 in $FLY back",2025-11-08 10:00:00,2025-11-09 04:00:00,0,0.0,-100.0,-100.0,0.0,4975.0,0,0,0.0
Week 2,"25,685",Upstate Stock,Williamsburg,"Spend $30 with Blackbird Pay, get $10 in $FLY back",2025-11-08 07:30:00,2025-11-08 19:00:00,24,415.49,1.69,-12.02,50.0,2320.0,6,18,25.0
Week 2,"24,789",Sagaponack General Store,Sagaponack,Spend $100 get $50 in $FLY,2025-11-08 07:00:00,2025-11-08 19:00:00,8,437.5,66.82,-18.69,100.0,2050.0,3,5,37.5
Week 2,"22,900",Ace Eat Serve,Uptown,"Spend $100, get $35 FLY back (Pay with Blackbird)",2025-11-07 16:00:00,2025-11-08 00:00:00,0,0.0,,,0.0,2255.0,0,0,0.0
Week 2,"25,312",The Blue Light,Pacific Heights,"Spend $40 with Blackbird Pay, get $15 in $FLY back",2025-11-07 16:00:00,2025-11-07 18:00:00,0,0.0,,,0.0,5000.0,0,0,0.0
Week 2,"24,650",Carta,West Village,"Spend $50 with Blackbird Pay, get $25 in $FLY back",2025-11-07 16:00:00,2025-11-07 19:00:00,0,0.0,,,0.0,0.0,0,0,0.0
Week 2,"25,539",Huriyali,Riverland,"Spend $20 with Blackbird Pay, get $5 in $FLY back",2025-11-07 15:00:00,2025-11-07 18:00:00,1,10.03,-84.77,-33.13,0.0,4830.0,0,1,0.0
Week 2,"25,499",Huriyali,Downtown,"Spend $20 with Blackbird Pay, get $5 in $FLY back",2025-11-07 15:00:00,2025-11-07 18:00:00,2,40.92,-21.6,19.82,5.0,4830.0,1,1,50.0
Week 2,"24,579",Bodega (Dine In),Downtown Charleston,"Spend $40 with Blackbird Pay, get $10 in $FLY back",2025-11-07 14:00:00,2025-11-07 16:00:00,0,0.0,-100.0,-100.0,0.0,4930.0,0,0,0.0
Week 2,"25,293",Park & Grove,Downtown,"Spend $30 with Blackbird Pay, get $10 in $FLY back",2025-11-07 13:00:00,2025-11-07 17:00:00,6,340.2,146.6,-10.78,50.0,4830.0,2,4,33.33
Week 2,"24,553",Ma'am Saab,Downtown Charleston,"Spend $35 with Blackbird Pay, get $10 in $FLY back",2025-11-07 11:30:00,2025-11-07 14:00:00,0,0.0,,,0.0,4960.0,0,0,0.0
Week 2,"25,845",The Little Pig,Boerum Hill,"Spend $75 with Blackbird Pay, get $30 in $FLY back",2025-11-07 11:30:00,2025-11-08 02:00:00,2,121.21,46.67,-26.66,30.0,4970.0,2,0,100.0
Week 2,"25,691",Amen Street Fish & Raw Bar,French Quarter - Charleston,"Spend $40 with Blackbird Pay, get $10 in $FLY back",2025-11-07 11:00:00,2025-11-07 16:00:00,0,0.0,-100.0,-100.0,0.0,2410.0,0,0,0.0
Week 2,"25,072",Paper Son Coffee ,Paper Son Coffee - Dogpatch,"Spend $25 with Blackbird Pay, get $25 in $FLY back",2025-11-07 10:00:00,2025-11-07 14:00:00,0,0.0,-100.0,-100.0,0.0,6700.0,0,0,0.0
Week 2,"25,606",Dada,Ridgewood,"Spend $50 with Blackbird Pay, get $25 in $FLY back",2025-11-07 08:00:00,2025-11-08 04:00:00,0,0.0,-100.0,-100.0,0.0,4975.0,0,0,0.0
Week 2,"25,684",Upstate Stock,Williamsburg,"Spend $30 with Blackbird Pay, get $10 in $FLY back",2025-11-07 07:30:00,2025-11-07 18:30:00,24,354.19,18.71,-18.05,40.0,2320.0,3,21,12.5
Week 2,"25,753",X-Golf,Williamsburg,"Spend $30 with Blackbird Pay, get $15 in $FLY back",2025-11-07 07:00:00,2025-11-07 19:00:00,0,0.0,-100.0,-100.0,0.0,4970.0,0,0,0.0
Week 2,"25,311",The Blue Light,Pacific Heights,"Spend $40 with Blackbird Pay, get $15 in $FLY back",2025-11-06 22:00:00,2025-11-07 01:30:00,0,0.0,,,0.0,5000.0,0,0,0.0
Week 2,"25,456",The Archer,East Central,"Spend $80 with Blackbird Pay, get $25 in $FLY back",2025-11-06 17:00:00,2025-11-06 21:00:00,6,728.21,462.51,39.67,50.0,4850.0,3,3,50.0
Week 2,"25,697",Friend of a Farmer,Gramercy,"Spend $25 with Blackbird Pay, get $10 in $FLY back (Happy Hour Only)",2025-11-06 16:00:00,2025-11-06 18:00:00,0,0.0,,,0.0,2440.0,0,0,0.0
Week 2,"25,721",Friend of a Farmer,Upper West Side,"Spend $25 with Blackbird Pay, get $10 in $FLY back (Happy Hour Only)",2025-11-06 16:00:00,2025-11-06 18:00:00,0,0.0,-100.0,-100.0,0.0,2440.0,0,0,0.0
Week 2,"24,649",Carta,West Village,"Spend $50 with Blackbird Pay, get $25 in $FLY back",2025-11-06 16:00:00,2025-11-06 19:00:00,3,181.6,,,50.0,0.0,3,0,100.0
Week 2,"22,899",Ace Eat Serve,Uptown,"Spend $100, get $35 FLY back (Pay with Blackbird)",2025-11-06 16:00:00,2025-11-06 22:00:00,0,0.0,,,0.0,2255.0,0,0,0.0
Week 2,"25,538",Huriyali,Riverland,"Spend $20 with Blackbird Pay, get $5 in $FLY back",2025-11-06 15:00:00,2025-11-06 18:00:00,3,51.51,8.05,-34.39,5.0,4830.0,1,2,33.33
Week 2,"25,498",Huriyali,Downtown,"Spend $20 with Blackbird Pay, get $5 in $FLY back",2025-11-06 15:00:00,2025-11-06 18:00:00,5,62.48,48.89,4.1,0.0,4830.0,1,4,20.0
Week 2,"25,014",Lewis Barbecue,NoMo,"Spend $30 with Blackbird Pay, get $10 in $FLY back",2025-11-06 13:00:00,2025-11-06 17:00:00,3,96.67,120.0,3.12,20.0,4850.0,2,1,66.67
Week 2,"24,671",Holy City Brewing,Park Circle - Charleston,"Spend $35 with Blackbird Pay, get $15 in $FLY back",2025-11-06 13:00:00,2025-11-06 17:00:00,1,8.35,-92.57,-94.66,0.0,2365.0,0,1,0.0
Week 2,"25,271",Taco Boy,Folly Beach,"Spend $50 with Blackbird Pay, get $20 in $FLY back",2025-11-06 12:00:00,2025-11-06 15:00:00,0,0.0,-100.0,-100.0,0.0,4830.0,0,0,0.0
Week 2,"25,878",Momoya,SoHo,"Spend $35 with Blackbird Pay, get $15 in $FLY back",2025-11-06 12:00:00,2025-11-06 22:00:00,7,328.33,106.75,-5.04,105.0,2395.0,2,5,28.57
Week 2,"24,552",Ma'am Saab,Downtown Charleston,"Spend $35 with Blackbird Pay, get $10 in $FLY back",2025-11-06 11:30:00,2025-11-06 14:00:00,0,0.0,,,0.0,4960.0,0,0,0.0
Week 2,"25,690",Amen Street Fish & Raw Bar,French Quarter - Charleston,"Spend $40 with Blackbird Pay, get $10 in $FLY back",2025-11-06 11:00:00,2025-11-06 16:00:00,4,342.47,245.65,203.78,20.0,2410.0,2,2,50.0
Week 2,"25,283",Taco Boy,Summerville,"Spend $50 with Blackbird Pay, get $20 in $FLY back",2025-11-06 11:00:00,2025-11-06 15:00:00,0,0.0,-100.0,-100.0,0.0,4830.0,0,0,0.0
Week 2,"25,259",Taco Boy,Downtown,"Spend $50 with Blackbird Pay, get $20 in $FLY back",2025-11-06 11:00:00,2025-11-06 15:00:00,4,137.47,28.76,47.66,20.0,4830.0,3,1,75.0
Week 2,"25,071",Paper Son Coffee ,Paper Son Coffee - Dogpatch,"Spend $25 with Blackbird Pay, get $25 in $FLY back",2025-11-06 10:00:00,2025-11-06 14:00:00,2,31.5,-7.27,-7.27,25.0,6700.0,0,2,0.0
Week 2,"24,605",Bodega (Coffee Counter),Mt. Pleasant ,"Spend $20 with Blackbird Pay, get $5 in $FLY back",2025-11-06 09:00:00,2025-11-06 11:00:00,2,25.29,-64.36,-49.46,0.0,4930.0,0,2,0.0
Week 2,"24,588",Bodega (Coffee Counter),Downtown,"Spend $20 with Blackbird Pay, get $5 in $FLY back",2025-11-06 09:00:00,2025-11-06 11:00:00,3,74.48,,,10.0,4930.0,1,2,33.33
Week 2,"25,605",Dada,Ridgewood,"Spend $50 with Blackbird Pay, get $25 in $FLY back",2025-11-06 08:00:00,2025-11-07 02:00:00,0,0.0,,,0.0,4975.0,0,0,0.0
Week 2,"25,683",Upstate Stock,Williamsburg,"Spend $30 with Blackbird Pay, get $10 in $FLY back",2025-11-06 07:30:00,2025-11-06 18:30:00,24,218.69,-8.31,-19.31,0.0,2320.0,2,22,8.33
Week 2,"24,787",Sagaponack General Store,Sagaponack,Spend $100 get $50 in $FLY,2025-11-06 07:00:00,2025-11-06 19:00:00,1,15.38,-93.01,-25.16,0.0,2050.0,0,1,0.0
Week 2,"25,318",Indigo,Marina,"Spend $90 with Blackbird Pay, get $25 in $FLY back",2025-11-05 17:00:00,2025-11-05 21:00:00,1,10.93,,,0.0,5000.0,0,1,0.0
Week 2,"25,021",Nopalito,NOPA,"Spend $55 with Blackbird Pay, get $20 in $FLY back",2025-11-05 16:30:00,2025-11-05 21:00:00,0,0.0,-100.0,-100.0,0.0,5000.0,0,0,0.0
Week 2,"25,720",Friend of a Farmer,Upper West Side,"Spend $25 with Blackbird Pay, get $10 in $FLY back (Happy Hour Only)",2025-11-05 16:00:00,2025-11-05 18:00:00,0,0.0,,,0.0,2440.0,0,0,0.0
Week 2,"25,696",Friend of a Farmer,Gramercy,"Spend $25 with Blackbird Pay, get $10 in $FLY back (Happy Hour Only)",2025-11-05 16:00:00,2025-11-05 18:00:00,1,21.83,28.56,28.56,0.0,2440.0,1,0,100.0
Week 2,"24,648",Carta,West Village,"Spend $50 with Blackbird Pay, get $25 in $FLY back",2025-11-05 16:00:00,2025-11-05 19:00:00,1,90.28,,,25.0,0.0,1,0,100.0
Week 2,"22,898",Ace Eat Serve,Uptown,"Spend $100, get $35 FLY back (Pay with Blackbird)",2025-11-05 16:00:00,2025-11-05 22:00:00,0,0.0,,,0.0,2255.0,0,0,0.0
Week 2,"25,497",Huriyali,Downtown,"Spend $20 with Blackbird Pay, get $5 in $FLY back",2025-11-05 15:00:00,2025-11-05 18:00:00,4,94.01,69.69,-35.13,10.0,4830.0,0,4,0.0
Week 2,"25,537",Huriyali,Riverland,"Spend $20 with Blackbird Pay, get $5 in $FLY back",2025-11-05 15:00:00,2025-11-05 18:00:00,0,0.0,-100.0,-100.0,0.0,4830.0,0,0,0.0
Week 2,"24,578",Bodega (Dine In),Downtown Charleston,"Spend $40 with Blackbird Pay, get $10 in $FLY back",2025-11-05 14:00:00,2025-11-05 16:00:00,1,12.21,,,0.0,4930.0,0,1,0.0
Week 2,"24,596",Bodega (Coffee Counter),Downtown,"Spend $20 with Blackbird Pay, get $5 in $FLY back",2025-11-05 13:30:00,2025-11-05 15:00:00,1,8.51,,,0.0,4930.0,0,1,0.0
Week 2,"24,613",Bodega (Coffee Counter),Mt. Pleasant ,"Spend $20 with Blackbird Pay, get $5 in $FLY back",2025-11-05 13:30:00,2025-11-05 15:00:00,1,4.97,,,0.0,4930.0,0,1,0.0
Week 2,"25,406",Spike's Coffees and Teas,The Castro,"Spend $25 with Blackbird Pay, get $10 in $FLY back",2025-11-05 13:00:00,2025-11-05 17:00:00,3,27.29,293.61,250.0,0.0,2500.0,0,3,0.0
Week 2,"25,292",Park & Grove,Downtown,"Spend $30 with Blackbird Pay, get $10 in $FLY back",2025-11-05 13:00:00,2025-11-05 17:00:00,5,255.53,1740.99,473.05,40.0,4830.0,3,2,60.0
Week 2,"25,301",Barn Joo ,Union Square,"Spend $45 with Blackbird Pay, get $15 in $FLY back",2025-11-05 12:00:00,2025-11-05 16:00:00,1,47.0,-43.64,12.72,15.0,2425.0,0,1,0.0
Week 2,"25,270",Taco Boy,Folly Beach,"Spend $50 with Blackbird Pay, get $20 in $FLY back",2025-11-05 12:00:00,2025-11-05 15:00:00,0,0.0,,,0.0,4830.0,0,0,0.0
Week 2,"25,043",Tacolicious,Marina,"Spend $30 with Blackbird Pay, get $10 in $FLY back",2025-11-05 12:00:00,2025-11-05 16:00:00,0,0.0,,,0.0,7490.0,0,0,0.0
Week 2,"25,047",Tacolicious,Mission,"Spend $30 with Blackbird Pay, get $10 in $FLY back",2025-11-05 12:00:00,2025-11-05 16:00:00,0,0.0,,,0.0,7490.0,0,0,0.0
Week 2,"24,551",Ma'am Saab,Downtown Charleston,"Spend $35 with Blackbird Pay, get $10 in $FLY back",2025-11-05 11:30:00,2025-11-05 14:00:00,0,0.0,,,0.0,4960.0,0,0,0.0
Week 2,"25,689",Amen Street Fish & Raw Bar,French Quarter - Charleston,"Spend $40 with Blackbird Pay, get $10 in $FLY back",2025-11-05 11:00:00,2025-11-05 16:00:00,1,14.43,-74.26,-45.84,0.0,2410.0,0,1,0.0
Week 2,"25,563",CyBelle's Front Room,Inner Sunset,Spend $20+ Get $10 in $Flyback!,2025-11-05 11:00:00,2025-11-05 20:00:00,0,0.0,,,0.0,0.0,0,0,0.0
Week 2,"25,282",Taco Boy,Summerville,"Spend $50 with Blackbird Pay, get $20 in $FLY back",2025-11-05 11:00:00,2025-11-05 15:00:00,0,0.0,-100.0,-100.0,0.0,4830.0,0,0,0.0
Week 2,"25,258",Taco Boy,Downtown,"Spend $50 with Blackbird Pay, get $20 in $FLY back",2025-11-05 11:00:00,2025-11-05 15:00:00,2,88.78,-49.0,39.9,20.0,4830.0,1,1,50.0
Week 2,"24,675",The Greats of Craft,LIC,"Spend $35 with Blackbird Pay, get $15 in $FLY back",2025-11-05 11:00:00,2025-11-05 15:00:00,0,0.0,,,0.0,5000.0,0,0,0.0
Week 2,"24,679",The Greats of Craft,Midtown East,"Spend $35 with Blackbird Pay, get $15 in $FLY back",2025-11-05 11:00:00,2025-11-05 15:00:00,0,0.0,,,0.0,5000.0,0,0,0.0
Week 2,"25,448",Baguette Magic,West Ashley,"Spend $25 with Blackbird Pay, get $10 in $FLY back",2025-11-05 10:00:00,2025-11-05 14:00:00,2,33.0,-64.17,32.69,0.0,4970.0,1,1,50.0
Week 2,"25,452",Baguette Magic,James Island,"Spend $25 with Blackbird Pay, get $10 in $FLY back",2025-11-05 10:00:00,2025-11-05 14:00:00,0,0.0,-100.0,-100.0,0.0,4970.0,0,0,0.0
Week 2,"25,070",Paper Son Coffee ,Paper Son Coffee - Dogpatch,"Spend $25 with Blackbird Pay, get $25 in $FLY back",2025-11-05 10:00:00,2025-11-05 14:00:00,1,33.66,138.3,220.57,25.0,6700.0,0,1,0.0
Week 2,"25,604",Dada,Ridgewood,"Spend $50 with Blackbird Pay, get $25 in $FLY back",2025-11-05 08:00:00,2025-11-06 02:00:00,0,0.0,-100.0,-100.0,0.0,4975.0,0,0,0.0
Week 2,"25,682",Upstate Stock,Williamsburg,"Spend $30 with Blackbird Pay, get $10 in $FLY back",2025-11-05 07:30:00,2025-11-05 18:30:00,17,179.29,-29.19,7.92,10.0,2320.0,0,17,0.0
Week 2,"25,233",Lillian's Market & Cafe,Hampton Park Terrace,"Spend $15 with Blackbird Pay, get $5 in $FLY back",2025-11-05 07:15:00,2025-11-05 12:00:00,8,138.73,-1.29,-16.69,15.0,4670.0,3,5,37.5
Week 2,"24,786",Sagaponack General Store,Sagaponack,Spend $100 get $50 in $FLY,2025-11-05 07:00:00,2025-11-05 19:00:00,1,83.8,-39.06,233.86,0.0,2050.0,0,1,0.0
Week 2,"25,309",The Blue Light,Pacific Heights,"Spend $40 with Blackbird Pay, get $15 in $FLY back",2025-11-04 18:00:00,2025-11-04 22:00:00,0,0.0,-100.0,-100.0,0.0,5000.0,0,0,0.0
Week 2,"25,249",Lillian's Restaurant,Hampton Park Terrace,"Spend $75 with Blackbird Pay, get $25 in $FLY back",2025-11-04 17:00:00,2025-11-04 21:00:00,4,363.66,33.4,-8.15,50.0,4670.0,1,3,25.0
Week 2,"25,695",Friend of a Farmer,Gramercy,"Spend $25 with Blackbird Pay, get $10 in $FLY back (Happy Hour Only)",2025-11-04 16:00:00,2025-11-04 18:00:00,0,0.0,-100.0,-100.0,0.0,2440.0,0,0,0.0
Week 2,"24,647",Carta,West Village,"Spend $50 with Blackbird Pay, get $25 in $FLY back",2025-11-04 16:00:00,2025-11-04 19:00:00,0,0.0,-100.0,-100.0,0.0,0.0,0,0,0.0
Week 2,"25,719",Friend of a Farmer,Upper West Side,"Spend $25 with Blackbird Pay, get $10 in $FLY back (Happy Hour Only)",2025-11-04 16:00:00,2025-11-04 18:00:00,2,124.47,15.01,-43.64,20.0,2440.0,2,0,100.0
Week 2,"22,897",Ace Eat Serve,Uptown,"Spend $100, get $35 FLY back (Pay with Blackbird)",2025-11-04 16:00:00,2025-11-04 22:00:00,0,0.0,,,0.0,2255.0,0,0,0.0
Week 2,"25,536",Huriyali,Riverland,"Spend $20 with Blackbird Pay, get $5 in $FLY back",2025-11-04 15:00:00,2025-11-04 18:00:00,3,86.31,236.01,29.15,5.0,4830.0,0,3,0.0
Week 2,"25,496",Huriyali,Downtown,"Spend $20 with Blackbird Pay, get $5 in $FLY back",2025-11-04 15:00:00,2025-11-04 18:00:00,1,28.3,-52.05,-5.54,5.0,4830.0,0,1,0.0
Week 2,"25,418",Bon Banh Mi,Downtown,"Spend $30 with Blackbird Pay, get $10 in $FLY back",2025-11-04 13:00:00,2025-11-04 17:00:00,1,53.68,,,10.0,4940.0,1,0,100.0
Week 2,"25,422",Bon Banh Mi,South Mt. Pleasant,"Spend $30 with Blackbird Pay, get $10 in $FLY back",2025-11-04 13:00:00,2025-11-04 17:00:00,2,38.3,8.28,-45.86,0.0,4940.0,2,0,100.0
Week 2,"25,426",Bon Banh Mi,Mt. Pleasant,"Spend $30 with Blackbird Pay, get $10 in $FLY back",2025-11-04 13:00:00,2025-11-04 17:00:00,5,284.4,177.73,19.61,50.0,4940.0,1,4,20.0
Week 2,"25,269",Taco Boy,Folly Beach,"Spend $50 with Blackbird Pay, get $20 in $FLY back",2025-11-04 12:00:00,2025-11-04 15:00:00,0,0.0,,,0.0,4830.0,0,0,0.0
Week 2,"24,550",Ma'am Saab,Downtown Charleston,"Spend $35 with Blackbird Pay, get $10 in $FLY back",2025-11-04 11:30:00,2025-11-04 14:00:00,0,0.0,,,0.0,4960.0,0,0,0.0
Week 2,"25,257",Taco Boy,Downtown,"Spend $50 with Blackbird Pay, get $20 in $FLY back",2025-11-04 11:00:00,2025-11-04 15:00:00,1,5.71,-94.55,-86.35,0.0,4830.0,0,1,0.0
Week 2,"25,281",Taco Boy,Summerville,"Spend $50 with Blackbird Pay, get $20 in $FLY back",2025-11-04 11:00:00,2025-11-04 15:00:00,0,0.0,-100.0,-100.0,0.0,4830.0,0,0,0.0
Week 2,"25,017",Rancho Lewis,NoMo,"Spend $30 with Blackbird Pay, get $10 in $FLY back",2025-11-04 11:00:00,2025-11-04 15:00:00,6,298.7,315.5,352.18,50.0,4850.0,2,4,33.33
Week 2,"25,688",Amen Street Fish & Raw Bar,French Quarter - Charleston,"Spend $40 with Blackbird Pay, get $10 in $FLY back",2025-11-04 11:00:00,2025-11-04 16:00:00,1,223.19,37.04,160.34,10.0,2410.0,0,1,0.0
Week 2,"25,069",Paper Son Coffee ,Paper Son Coffee - Dogpatch,"Spend $25 with Blackbird Pay, get $25 in $FLY back",2025-11-04 10:00:00,2025-11-04 14:00:00,5,66.89,1251.31,35.15,25.0,6700.0,2,3,40.0
Week 2,"24,604",Bodega (Coffee Counter),Mt. Pleasant ,"Spend $20 with Blackbird Pay, get $5 in $FLY back",2025-11-04 09:00:00,2025-11-04 11:00:00,1,39.78,9.71,225.8,5.0,4930.0,0,1,0.0
Week 2,"24,587",Bodega (Coffee Counter),Downtown,"Spend $20 with Blackbird Pay, get $5 in $FLY back",2025-11-04 09:00:00,2025-11-04 11:00:00,0,0.0,-100.0,-100.0,0.0,4930.0,0,0,0.0
Week 2,"24,785",Sagaponack General Store,Sagaponack,Spend $100 get $50 in $FLY,2025-11-04 09:00:00,2025-11-04 17:00:00,0,0.0,,,0.0,2050.0,0,0,0.0
Week 2,"25,562",CyBelle's Front Room,Inner Sunset,Spend $20+ Get $10 in $Flyback!,2025-11-04 09:00:00,2025-11-04 17:00:00,0,0.0,,,0.0,0.0,0,0,0.0
Week 2,"25,603",Dada,Ridgewood,"Spend $50 with Blackbird Pay, get $25 in $FLY back",2025-11-04 08:00:00,2025-11-05 02:00:00,0,0.0,,,0.0,4975.0,0,0,0.0
Week 2,"25,681",Upstate Stock,Williamsburg,"Spend $30 with Blackbird Pay, get $10 in $FLY back",2025-11-04 07:30:00,2025-11-04 18:30:00,22,322.95,3.67,17.45,20.0,2320.0,2,20,9.09
Week 2,"25,308",The Blue Light,Pacific Heights,"Spend $40 with Blackbird Pay, get $15 in $FLY back",2025-11-03 18:00:00,2025-11-03 22:00:00,0,0.0,,,0.0,5000.0,0,0,0.0
Week 2,"25,248",Lillian's Restaurant,Hampton Park Terrace,"Spend $75 with Blackbird Pay, get $25 in $FLY back",2025-11-03 17:00:00,2025-11-03 21:00:00,3,204.32,172.44,157.73,25.0,4670.0,0,3,0.0
Week 2,"24,646",Carta,West Village,"Spend $50 with Blackbird Pay, get $25 in $FLY back",2025-11-03 16:00:00,2025-11-03 19:00:00,1,84.78,,,25.0,0.0,1,0,100.0
Week 2,"25,694",Friend of a Farmer,Gramercy,"Spend $25 with Blackbird Pay, get $10 in $FLY back (Happy Hour Only)",2025-11-03 16:00:00,2025-11-03 18:00:00,3,220.95,,,30.0,2440.0,3,0,100.0
Week 2,"25,718",Friend of a Farmer,Upper West Side,"Spend $25 with Blackbird Pay, get $10 in $FLY back (Happy Hour Only)",2025-11-03 16:00:00,2025-11-03 18:00:00,0,0.0,,,0.0,2440.0,0,0,0.0
Week 2,"25,535",Huriyali,Riverland,"Spend $20 with Blackbird Pay, get $5 in $FLY back",2025-11-03 15:00:00,2025-11-03 18:00:00,3,70.68,18.67,-10.2,5.0,4830.0,0,3,0.0
Week 2,"25,495",Huriyali,Downtown,"Spend $20 with Blackbird Pay, get $5 in $FLY back",2025-11-03 15:00:00,2025-11-03 18:00:00,3,69.6,13.06,15.27,5.0,4830.0,1,2,33.33
Week 2,"24,577",Bodega (Dine In),Downtown Charleston,"Spend $40 with Blackbird Pay, get $10 in $FLY back",2025-11-03 14:00:00,2025-11-03 16:00:00,3,78.5,696.95,102.44,0.0,4930.0,2,1,66.67
Week 2,"24,595",Bodega (Coffee Counter),Downtown,"Spend $20 with Blackbird Pay, get $5 in $FLY back",2025-11-03 13:30:00,2025-11-03 15:00:00,1,2.78,-94.66,-84.61,0.0,4930.0,0,1,0.0
Week 2,"24,612",Bodega (Coffee Counter),Mt. Pleasant ,"Spend $20 with Blackbird Pay, get $5 in $FLY back",2025-11-03 13:30:00,2025-11-03 15:00:00,1,29.97,,,5.0,4930.0,1,0,100.0
Week 2,"25,300",Barn Joo ,Union Square,"Spend $45 with Blackbird Pay, get $15 in $FLY back",2025-11-03 12:00:00,2025-11-03 16:00:00,2,255.03,556.11,228.06,30.0,2425.0,2,0,100.0
Week 2,"25,460",Rosalind Bakery,Financial District,"Spend $25 with Blackbird Pay, get $10 in $FLY back",2025-11-03 11:00:00,2025-11-03 15:00:00,1,4.0,-72.09,-50.0,0.0,2500.0,1,0,100.0
Week 2,"25,687",Amen Street Fish & Raw Bar,French Quarter - Charleston,"Spend $40 with Blackbird Pay, get $10 in $FLY back",2025-11-03 11:00:00,2025-11-03 16:00:00,3,91.92,-34.44,-40.77,10.0,2410.0,1,2,33.33
Week 2,"25,561",CyBelle's Front Room,Inner Sunset,Spend $20+ Get $10 in $Flyback!,2025-11-03 11:00:00,2025-11-03 20:00:00,0,0.0,,,0.0,0.0,0,0,0.0
Week 2,"25,066",Paper Son Coffee ,SOMA,"Spend $25 with Blackbird Pay, get $25 in $FLY back",2025-11-03 10:00:00,2025-11-03 14:00:00,24,576.29,643.0,334.5,425.0,6700.0,6,18,25.0
Week 2,"25,068",Paper Son Coffee ,Paper Son Coffee - Dogpatch,"Spend $25 with Blackbird Pay, get $25 in $FLY back",2025-11-03 10:00:00,2025-11-03 14:00:00,0,0.0,,,0.0,6700.0,0,0,0.0
Week 2,"25,227",Bernie's,Noe Valley,"Spend $25 with Blackbird Pay, get $10 in $FLY back",2025-11-03 10:00:00,2025-11-03 14:00:00,2,19.75,3.16,-21.0,0.0,2500.0,0,2,0.0
Week 2,"25,817",Upstate Stock,Williamsburg,"Spend $30 with Blackbird Pay, get $10 in $FLY back",2025-11-03 07:30:00,2025-11-03 18:30:00,18,218.1,-7.94,-0.63,20.0,2320.0,1,17,5.56
Week 2,"25,232",Lillian's Market & Cafe,Hampton Park Terrace,"Spend $15 with Blackbird Pay, get $5 in $FLY back",2025-11-03 07:15:00,2025-11-03 12:00:00,6,130.82,32.45,29.72,20.0,4670.0,0,6,0.0
Week 2,"25,752",X-Golf,Williamsburg,"Spend $30 with Blackbird Pay, get $15 in $FLY back",2025-11-03 07:00:00,2025-11-03 19:00:00,1,111.53,,,15.0,4970.0,1,0,100.0
Week 1,"25,440",Upstate Stock,Williamsburg,"Spend $25 with Blackbird Pay, get $10 in $FLY back",2025-11-02 15:00:00,2025-11-02 19:00:00,2,61.24,-35.93,-15.39,10.0,2320.0,2,0,100.0
Week 1,"25,494",Aftermath,Ridgewood,"Spend $40, get $10 in $FLY back (Blackbird Pay required)",2025-11-02 13:00:00,2025-11-03 00:00:00,13,750.23,185.13,57.77,70.0,2430.0,0,13,0.0
Week 2,"25,494",Aftermath,Ridgewood,"Spend $40, get $10 in $FLY back (Blackbird Pay required)",2025-11-02 13:00:00,2025-11-03 00:00:00,0,0.0,,,0.0,2430.0,0,0,0.0
Week 1,"25,526",Huriyali,Riverland,"Spend $22 with Blackbird Pay, get $5 in $FLY back",2025-11-02 13:00:00,2025-11-02 15:00:00,4,113.63,22.31,-5.91,10.0,4830.0,3,1,75.0
Week 1,"25,516",Huriyali,Downtown,"Spend $22 with Blackbird Pay, get $5 back in $FLY",2025-11-02 13:00:00,2025-11-02 15:00:00,2,29.97,-62.04,-19.22,0.0,4830.0,1,1,50.0
Week 1,"22,896",Ace Eat Serve,Uptown,"Spend $100, get $35 FLY back (Pay with Blackbird)",2025-11-02 12:00:00,2025-11-02 22:00:00,2,87.37,,,0.0,2255.0,1,1,50.0
Week 1,"25,430",Uncork,Wraggborough,"Spend $45 with Blackbird Pay, get $15 in $FLY back",2025-11-02 12:00:00,2025-11-02 15:00:00,1,83.25,,,15.0,4985.0,1,0,100.0
Week 1,"25,560",CyBelle's Front Room,Inner Sunset,Spend $20+ Get $10 in $Flyback!,2025-11-02 11:00:00,2025-11-02 20:00:00,1,47.67,-24.37,-62.18,10.0,0.0,1,0,100.0
Week 1,"25,686",Amen Street Fish & Raw Bar,French Quarter - Charleston,"Spend $40 with Blackbird Pay, get $10 in $FLY back",2025-11-02 11:00:00,2025-11-02 16:00:00,3,118.98,-51.14,-27.46,20.0,2410.0,2,1,66.67
Week 1,"25,412",Palm House,Marina,"Spend $55 with Blackbird Pay, get $20 in $FLY back",2025-11-02 10:30:00,2025-11-02 15:00:00,0,0.0,,,0.0,5000.0,0,0,0.0
Week 1,"25,601",Dada,Ridgewood,"Spend $50 with Blackbird Pay, get $25 in $FLY back",2025-11-02 10:00:00,2025-11-03 00:00:00,0,0.0,,,0.0,4975.0,0,0,0.0
Week 2,"25,601",Dada,Ridgewood,"Spend $50 with Blackbird Pay, get $25 in $FLY back",2025-11-02 10:00:00,2025-11-03 00:00:00,0,0.0,,,0.0,4975.0,0,0,0.0
Week 1,"25,010",Rudy Royale,Rudy Royale,"Spend $55 with Blackbird Pay, get $20 in $FLY back",2025-11-02 10:00:00,2025-11-02 14:00:00,4,305.08,1963.44,243.76,60.0,4670.0,3,1,75.0
Week 1,"24,856",The Lost Draft,SoHo,"Spend $25 with Blackbird Pay, get $10 in $FLY back",2025-11-02 08:00:00,2025-11-02 12:00:00,4,91.15,,,20.0,2460.0,2,2,50.0
Week 1,"24,783",Sagaponack General Store,Sagaponack,Spend $100 get $50 in $FLY,2025-11-02 07:00:00,2025-11-02 19:00:00,6,152.6,-50.86,-18.07,0.0,2050.0,2,4,33.33
Week 1,"25,515",Huriyali,Downtown,"Spend $22 with Blackbird Pay, get $5 back in $FLY",2025-11-01 13:00:00,2025-11-01 15:00:00,7,237.09,52.17,19.36,30.0,4830.0,2,5,28.57
Week 1,"25,525",Huriyali,Riverland,"Spend $22 with Blackbird Pay, get $5 in $FLY back",2025-11-01 13:00:00,2025-11-01 15:00:00,9,210.57,120.58,40.01,30.0,4830.0,1,8,11.11
Week 1,"22,895",Ace Eat Serve,Uptown,"Spend $100, get $35 FLY back (Pay with Blackbird)",2025-11-01 12:00:00,2025-11-02 00:00:00,2,135.36,,,35.0,2255.0,0,2,0.0
Week 1,"24,861",Peck Slip Social,Seaport,"Spend $30 with Blackbird Pay, get $10 in $FLY back",2025-11-01 12:00:00,2025-11-01 16:00:00,0,0.0,-100.0,-100.0,0.0,5000.0,0,0,0.0
Week 1,"25,559",CyBelle's Front Room,Inner Sunset,Spend $20+ Get $10 in $Flyback!,2025-11-01 12:00:00,2025-11-01 21:00:00,0,0.0,,,0.0,0.0,0,0,0.0
Week 1,"24,549",Ma'am Saab,Downtown Charleston,"Spend $35 with Blackbird Pay, get $10 in $FLY back",2025-11-01 11:30:00,2025-11-01 14:00:00,1,17.48,-13.93,-13.93,0.0,4960.0,1,0,100.0
Week 1,"25,411",Palm House,Marina,"Spend $55 with Blackbird Pay, get $20 in $FLY back",2025-11-01 10:30:00,2025-11-01 15:00:00,0,0.0,,,0.0,5000.0,0,0,0.0
Week 1,"25,600",Dada,Ridgewood,"Spend $50 with Blackbird Pay, get $25 in $FLY back",2025-11-01 10:00:00,2025-11-02 04:00:00,2,71.85,620.66,-67.3,25.0,4975.0,2,0,100.0
Week 1,"24,782",Sagaponack General Store,Sagaponack,Spend $100 get $50 in $FLY,2025-11-01 07:00:00,2025-11-01 19:00:00,6,540.7,142.05,189.25,150.0,2050.0,1,5,16.67
Week 1,"24,460",The Tusk Bar,NoMad,"Spend $100 with Blackbird Pay, get $50 in $FLY back",2025-10-31 17:00:00,2025-10-31 23:00:00,0,0.0,-100.0,-100.0,0.0,1125.0,0,0,0.0
Week 1,"24,410",Brass,NoMad,"Spend $100 with Blackbird Pay, get $50 in $FLY back",2025-10-31 17:00:00,2025-10-31 23:00:00,0,0.0,,,0.0,1125.0,0,0,0.0
Week 1,"23,274",Dalila's,Cannonborough Elliotborough,"Spend $45 with Blackbird Pay, get $10 in $FLY back",2025-10-31 17:00:00,2025-10-31 19:00:00,0,0.0,,,0.0,4970.0,0,0,0.0
Week 1,"24,645",Carta,West Village,"Spend $50 with Blackbird Pay, get $25 in $FLY back",2025-10-31 16:00:00,2025-10-31 19:00:00,1,73.15,,,25.0,0.0,1,0,100.0
Week 1,"22,894",Ace Eat Serve,Uptown,"Spend $100, get $35 FLY back (Pay with Blackbird)",2025-10-31 16:00:00,2025-11-01 00:00:00,1,28.78,,,0.0,2255.0,0,1,0.0
Week 1,"24,576",Bodega (Dine In),Downtown Charleston,"Spend $40 with Blackbird Pay, get $10 in $FLY back",2025-10-31 14:00:00,2025-10-31 16:00:00,0,0.0,-100.0,-100.0,0.0,4930.0,0,0,0.0
Week 1,"25,291",Park & Grove,Downtown,"Spend $30 with Blackbird Pay, get $10 in $FLY back",2025-10-31 13:00:00,2025-10-31 17:00:00,5,242.29,148.04,-25.75,20.0,4830.0,1,4,20.0
Week 1,"24,435",Trapizzino,Trapizzino,"Spend $100 with Blackbird Pay, get $25 in $FLY back",2025-10-31 12:00:00,2025-11-01 00:00:00,0,0.0,,,0.0,1125.0,0,0,0.0
Week 1,"24,548",Ma'am Saab,Downtown Charleston,"Spend $35 with Blackbird Pay, get $10 in $FLY back",2025-10-31 11:30:00,2025-10-31 14:00:00,0,0.0,,,0.0,4960.0,0,0,0.0
Week 1,"25,558",CyBelle's Front Room,Inner Sunset,Spend $20+ Get $10 in $Flyback!,2025-10-31 11:00:00,2025-10-31 21:00:00,0,0.0,,,0.0,0.0,0,0,0.0
Week 1,"24,384",Brass,NoMad,"Spend $100 with Blackbird Pay, get $50 in $FLY back",2025-10-30 17:00:00,2025-10-30 23:00:00,1,103.17,,,50.0,1125.0,1,0,100.0
Week 1,"25,455",The Archer,East Central,"Spend $80 with Blackbird Pay, get $25 in $FLY back",2025-10-30 17:00:00,2025-10-30 21:00:00,4,472.75,310.15,196.58,100.0,4850.0,3,1,75.0
Week 1,"24,459",The Tusk Bar,NoMad,"Spend $100 with Blackbird Pay, get $50 in $FLY back",2025-10-30 17:00:00,2025-10-30 23:00:00,0,0.0,,,0.0,1125.0,0,0,0.0
Week 1,"22,893",Ace Eat Serve,Uptown,"Spend $100, get $35 FLY back (Pay with Blackbird)",2025-10-30 16:00:00,2025-10-30 22:00:00,1,42.47,,,0.0,2255.0,1,0,100.0
Week 1,"24,644",Carta,West Village,"Spend $50 with Blackbird Pay, get $25 in $FLY back",2025-10-30 16:00:00,2025-10-30 19:00:00,2,125.51,,,25.0,0.0,2,0,100.0
Week 1,"24,670",Holy City Brewing,Park Circle - Charleston,"Spend $35 with Blackbird Pay, get $15 in $FLY back",2025-10-30 13:00:00,2025-10-30 17:00:00,8,459.45,266.03,-66.72,75.0,2365.0,3,5,37.5
Week 1,"25,013",Lewis Barbecue,NoMo,"Spend $30 with Blackbird Pay, get $10 in $FLY back",2025-10-30 13:00:00,2025-10-30 17:00:00,5,138.71,129.93,2.21,30.0,4850.0,1,4,20.0
Week 1,"24,434",Trapizzino,Trapizzino,"Spend $100 with Blackbird Pay, get $25 in $FLY back",2025-10-30 12:00:00,2025-10-30 22:30:00,0,0.0,,,0.0,1125.0,0,0,0.0
Week 1,"25,268",Taco Boy,Folly Beach,"Spend $50 with Blackbird Pay, get $20 in $FLY back",2025-10-30 12:00:00,2025-10-30 15:00:00,0,0.0,-100.0,-100.0,0.0,4830.0,0,0,0.0
Week 1,"24,547",Ma'am Saab,Downtown Charleston,"Spend $35 with Blackbird Pay, get $10 in $FLY back",2025-10-30 11:30:00,2025-10-30 14:00:00,0,0.0,-100.0,-100.0,0.0,4960.0,0,0,0.0
Week 1,"25,280",Taco Boy,Summerville,"Spend $50 with Blackbird Pay, get $20 in $FLY back",2025-10-30 11:00:00,2025-10-30 15:00:00,0,0.0,-100.0,-100.0,0.0,4830.0,0,0,0.0
Week 1,"25,557",CyBelle's Front Room,Inner Sunset,Spend $20+ Get $10 in $Flyback!,2025-10-30 11:00:00,2025-10-30 20:00:00,1,31.23,,,10.0,0.0,1,0,100.0
Week 1,"25,256",Taco Boy,Downtown,"Spend $50 with Blackbird Pay, get $20 in $FLY back",2025-10-30 11:00:00,2025-10-30 15:00:00,6,180.57,25.89,1.87,0.0,4830.0,3,3,50.0
Week 1,"24,603",Bodega (Coffee Counter),Mt. Pleasant ,"Spend $20 with Blackbird Pay, get $5 in $FLY back",2025-10-30 09:00:00,2025-10-30 11:00:00,2,19.73,-72.2,-60.57,0.0,4930.0,0,2,0.0
Week 1,"24,586",Bodega (Coffee Counter),Downtown,"Spend $20 with Blackbird Pay, get $5 in $FLY back",2025-10-30 09:00:00,2025-10-30 11:00:00,1,10.6,-32.57,-32.57,0.0,4930.0,0,1,0.0
Week 1,"24,780",Sagaponack General Store,Sagaponack,Spend $100 get $50 in $FLY,2025-10-30 07:00:00,2025-10-30 19:00:00,2,177.44,-19.32,331.73,50.0,2050.0,0,2,0.0
Week 1,"22,602",Stars Rooftop,Radcliffborough,"Spend $25 with Blackbird Pay, get $10 in $FLY back",2025-10-29 20:00:00,2025-10-30 00:00:00,0,0.0,,,0.0,4670.0,0,0,0.0
Week 1,"25,317",Indigo,Marina,"Spend $90 with Blackbird Pay, get $25 in $FLY back",2025-10-29 17:00:00,2025-10-29 21:00:00,0,0.0,,,0.0,5000.0,0,0,0.0
Week 1,"24,458",The Tusk Bar,NoMad,"Spend $100 with Blackbird Pay, get $50 in $FLY back",2025-10-29 17:00:00,2025-10-29 23:00:00,0,0.0,,,0.0,1125.0,0,0,0.0
Week 1,"24,383",Brass,NoMad,"Spend $100 with Blackbird Pay, get $50 in $FLY back",2025-10-29 17:00:00,2025-10-29 23:00:00,5,834.14,,,250.0,1125.0,4,1,80.0
Week 1,"25,020",Nopalito,NOPA,"Spend $55 with Blackbird Pay, get $20 in $FLY back",2025-10-29 16:30:00,2025-10-29 21:00:00,0,0.0,-100.0,-100.0,0.0,5000.0,0,0,0.0
Week 1,"24,643",Carta,West Village,"Spend $50 with Blackbird Pay, get $25 in $FLY back",2025-10-29 16:00:00,2025-10-29 19:00:00,0,0.0,,,0.0,0.0,0,0,0.0
Week 1,"22,892",Ace Eat Serve,Uptown,"Spend $100, get $35 FLY back (Pay with Blackbird)",2025-10-29 16:00:00,2025-10-29 22:00:00,2,95.64,,,0.0,2255.0,0,2,0.0
Week 1,"24,575",Bodega (Dine In),Downtown Charleston,"Spend $40 with Blackbird Pay, get $10 in $FLY back",2025-10-29 14:00:00,2025-10-29 16:00:00,0,0.0,-100.0,-100.0,0.0,4930.0,0,0,0.0
Week 1,"22,566",Dashi,Park Circle,"Spend $45 with Blackbird Pay, get $15 in $FLY back",2025-10-29 14:00:00,2025-10-29 18:00:00,10,296.95,,,30.0,4955.0,1,9,10.0
Week 1,"24,594",Bodega (Coffee Counter),Downtown,"Spend $20 with Blackbird Pay, get $5 in $FLY back",2025-10-29 13:30:00,2025-10-29 15:00:00,0,0.0,-100.0,-100.0,0.0,4930.0,0,0,0.0
Week 1,"24,611",Bodega (Coffee Counter),Mt. Pleasant ,"Spend $20 with Blackbird Pay, get $5 in $FLY back",2025-10-29 13:30:00,2025-10-29 15:00:00,1,16.59,130.1,130.1,0.0,4930.0,0,1,0.0
Week 1,"25,290",Park & Grove,Downtown,"Spend $30 with Blackbird Pay, get $10 in $FLY back",2025-10-29 13:00:00,2025-10-29 17:00:00,0,0.0,-100.0,-100.0,0.0,4830.0,0,0,0.0
Week 1,"25,405",Spike's Coffees and Teas,The Castro,"Spend $25 with Blackbird Pay, get $10 in $FLY back",2025-10-29 13:00:00,2025-10-29 17:00:00,4,21.6,211.54,51.0,0.0,2500.0,0,4,0.0
Week 1,"25,267",Taco Boy,Folly Beach,"Spend $50 with Blackbird Pay, get $20 in $FLY back",2025-10-29 12:00:00,2025-10-29 15:00:00,1,6.86,,,0.0,4830.0,0,1,0.0
Week 1,"24,433",Trapizzino,Trapizzino,"Spend $100 with Blackbird Pay, get $25 in $FLY back",2025-10-29 12:00:00,2025-10-29 22:00:00,1,58.79,-76.83,-53.66,0.0,1125.0,0,1,0.0
Week 1,"25,299",Barn Joo ,Union Square,"Spend $45 with Blackbird Pay, get $15 in $FLY back",2025-10-29 12:00:00,2025-10-29 16:00:00,3,127.86,75.38,4.38,15.0,2425.0,1,2,33.33
Week 1,"25,046",Tacolicious,Mission,"Spend $30 with Blackbird Pay, get $10 in $FLY back",2025-10-29 12:00:00,2025-10-29 16:00:00,0,0.0,,,0.0,7490.0,0,0,0.0
Week 1,"25,042",Tacolicious,Marina,"Spend $30 with Blackbird Pay, get $10 in $FLY back",2025-10-29 12:00:00,2025-10-29 16:00:00,1,75.75,,,10.0,7490.0,1,0,100.0
Week 1,"24,546",Ma'am Saab,Downtown Charleston,"Spend $35 with Blackbird Pay, get $10 in $FLY back",2025-10-29 11:30:00,2025-10-29 14:00:00,0,0.0,,,0.0,4960.0,0,0,0.0
Week 1,"25,556",CyBelle's Front Room,Inner Sunset,Spend $20+ Get $10 in $Flyback!,2025-10-29 11:00:00,2025-10-29 20:00:00,0,0.0,,,0.0,0.0,0,0,0.0
Week 1,"25,279",Taco Boy,Summerville,"Spend $50 with Blackbird Pay, get $20 in $FLY back",2025-10-29 11:00:00,2025-10-29 15:00:00,2,29.04,-68.18,-68.62,0.0,4830.0,2,0,100.0
Week 1,"24,678",The Greats of Craft,Midtown East,"Spend $35 with Blackbird Pay, get $15 in $FLY back",2025-10-29 11:00:00,2025-10-29 15:00:00,1,14.89,-70.98,-70.98,0.0,5000.0,1,0,100.0
Week 1,"25,255",Taco Boy,Downtown,"Spend $50 with Blackbird Pay, get $20 in $FLY back",2025-10-29 11:00:00,2025-10-29 15:00:00,0,0.0,-100.0,-100.0,0.0,4830.0,0,0,0.0
Week 1,"24,674",The Greats of Craft,LIC,"Spend $35 with Blackbird Pay, get $15 in $FLY back",2025-10-29 11:00:00,2025-10-29 15:00:00,0,0.0,,,0.0,5000.0,0,0,0.0
Week 1,"25,451",Baguette Magic,James Island,"Spend $25 with Blackbird Pay, get $10 in $FLY back",2025-10-29 10:00:00,2025-10-29 14:00:00,4,139.52,-4.22,43.94,20.0,4970.0,2,2,50.0
Week 1,"25,443",Baguette Magic,West Ashley,"Spend $25 with Blackbird Pay, get $10 in $FLY back",2025-10-29 10:00:00,2025-10-29 14:00:00,2,32.49,-64.73,30.64,10.0,4970.0,0,2,0.0
Week 1,"25,231",Lillian's Market & Cafe,Hampton Park Terrace,"Spend $15 with Blackbird Pay, get $5 in $FLY back",2025-10-29 07:15:00,2025-10-29 12:00:00,5,85.23,-25.62,84.74,15.0,4670.0,1,4,20.0
Week 1,"24,779",Sagaponack General Store,Sagaponack,Spend $100 get $50 in $FLY,2025-10-29 07:00:00,2025-10-29 19:00:00,3,258.42,134.08,218.94,50.0,2050.0,0,3,0.0
Week 1,"24,664",Kato Sake Works,Bushwick,"Spend $40 with Blackbird Pay, get $20 in $FLY back",2025-10-28 17:00:00,2025-10-28 23:00:00,0,0.0,-100.0,-100.0,0.0,0.0,0,0,0.0
Week 1,"24,457",The Tusk Bar,NoMad,"Spend $100 with Blackbird Pay, get $50 in $FLY back",2025-10-28 17:00:00,2025-10-28 23:00:00,0,0.0,-100.0,-100.0,0.0,1125.0,0,0,0.0
Week 1,"25,247",Lillian's Restaurant,Hampton Park Terrace,"Spend $75 with Blackbird Pay, get $25 in $FLY back",2025-10-28 17:00:00,2025-10-28 21:00:00,6,756.55,104.75,82.97,125.0,4670.0,3,3,50.0
Week 1,"22,915",82 Queen,French Quarter,"Spend $75 with Blackbird Pay, get $20 in $FLY back",2025-10-28 17:00:00,2025-10-28 21:00:00,1,103.23,,,20.0,4940.0,0,1,0.0
Week 1,"23,269",Dalila's,Cannonborough Elliotborough,"Spend $45 with Blackbird Pay, get $10 in $FLY back",2025-10-28 17:00:00,2025-10-28 21:00:00,1,11.16,,,0.0,4970.0,0,1,0.0
Week 1,"24,382",Brass,NoMad,"Spend $100 with Blackbird Pay, get $50 in $FLY back",2025-10-28 17:00:00,2025-10-28 23:00:00,2,356.96,,,100.0,1125.0,2,0,100.0
Week 1,"24,642",Carta,West Village,"Spend $50 with Blackbird Pay, get $25 in $FLY back",2025-10-28 16:00:00,2025-10-28 19:00:00,0,0.0,-100.0,-100.0,0.0,0.0,0,0,0.0
Week 1,"22,891",Ace Eat Serve,Uptown,"Spend $100, get $35 FLY back (Pay with Blackbird)",2025-10-28 16:00:00,2025-10-28 22:00:00,2,97.07,,,0.0,2255.0,0,2,0.0
Week 1,"22,955",Spicy Moon,East Village,"Spend $30 with Blackbird Pay, get $10 in $FLY back",2025-10-28 13:00:00,2025-10-28 17:00:00,1,45.6,,,10.0,4940.0,1,0,100.0
Week 1,"25,425",Bon Banh Mi,Mt. Pleasant,"Spend $30 with Blackbird Pay, get $10 in $FLY back",2025-10-28 13:00:00,2025-10-28 17:00:00,1,22.2,-76.73,-26.21,0.0,4940.0,0,1,0.0
Week 1,"22,965",Spicy Moon,Greenwich Village,"Spend $30 with Blackbird Pay, get $10 in $FLY back",2025-10-28 13:00:00,2025-10-28 17:00:00,0,0.0,,,0.0,4940.0,0,0,0.0
Week 1,"25,421",Bon Banh Mi,South Mt. Pleasant,"Spend $30 with Blackbird Pay, get $10 in $FLY back",2025-10-28 13:00:00,2025-10-28 17:00:00,1,25.74,-27.23,-27.23,0.0,4940.0,0,1,0.0
Week 1,"22,945",Spicy Moon,Chelsea,"Spend $30 with Blackbird Pay, get $10 in $FLY back",2025-10-28 13:00:00,2025-10-28 17:00:00,1,54.24,,,10.0,4940.0,1,0,100.0
Week 1,"25,417",Bon Banh Mi,Downtown,"Spend $30 with Blackbird Pay, get $10 in $FLY back",2025-10-28 13:00:00,2025-10-28 17:00:00,2,30.47,,,0.0,4940.0,1,1,50.0
Week 1,"22,960",Spicy Moon,Lower East Side,"Spend $30 with Blackbird Pay, get $10 in $FLY back",2025-10-28 13:00:00,2025-10-28 17:00:00,1,65.26,,,10.0,4940.0,1,0,100.0
Week 1,"24,432",Trapizzino,Trapizzino,"Spend $100 with Blackbird Pay, get $25 in $FLY back",2025-10-28 12:00:00,2025-10-28 22:00:00,1,196.9,745.06,745.06,25.0,1125.0,1,0,100.0
Week 1,"25,266",Taco Boy,Folly Beach,"Spend $50 with Blackbird Pay, get $20 in $FLY back",2025-10-28 12:00:00,2025-10-28 15:00:00,0,0.0,-100.0,-100.0,0.0,4830.0,0,0,0.0
Week 1,"24,545",Ma'am Saab,Downtown Charleston,"Spend $35 with Blackbird Pay, get $10 in $FLY back",2025-10-28 11:30:00,2025-10-28 14:00:00,2,88.63,343.59,121.8,20.0,4960.0,1,1,50.0
Week 1,"25,278",Taco Boy,Summerville,"Spend $50 with Blackbird Pay, get $20 in $FLY back",2025-10-28 11:00:00,2025-10-28 15:00:00,0,0.0,-100.0,-100.0,0.0,4830.0,0,0,0.0
Week 1,"25,016",Rancho Lewis,NoMo,"Spend $30 with Blackbird Pay, get $10 in $FLY back",2025-10-28 11:00:00,2025-10-28 15:00:00,5,262.56,367.71,151.2,40.0,4850.0,1,4,20.0
Week 1,"25,254",Taco Boy,Downtown,"Spend $50 with Blackbird Pay, get $20 in $FLY back",2025-10-28 11:00:00,2025-10-28 15:00:00,1,61.63,-33.48,11.72,20.0,4830.0,1,0,100.0
Week 1,"24,602",Bodega (Coffee Counter),Mt. Pleasant ,"Spend $20 with Blackbird Pay, get $5 in $FLY back",2025-10-28 09:00:00,2025-10-28 11:00:00,3,32.67,-47.99,-20.22,0.0,4930.0,0,3,0.0
Week 1,"25,555",CyBelle's Front Room,Inner Sunset,Spend $20+ Get $10 in $Flyback!,2025-10-28 09:00:00,2025-10-28 17:00:00,0,0.0,,,0.0,0.0,0,0,0.0
Week 1,"24,585",Bodega (Coffee Counter),Downtown,"Spend $20 with Blackbird Pay, get $5 in $FLY back",2025-10-28 09:00:00,2025-10-28 11:00:00,0,0.0,-100.0,-100.0,0.0,4930.0,0,0,0.0
Week 1,"25,246",Lillian's Restaurant,Hampton Park Terrace,"Spend $75 with Blackbird Pay, get $25 in $FLY back",2025-10-27 17:00:00,2025-10-27 21:00:00,1,21.67,-64.21,-28.45,0.0,4670.0,0,1,0.0
Week 1,"24,381",Brass,NoMad,"Spend $100 with Blackbird Pay, get $50 in $FLY back",2025-10-27 17:00:00,2025-10-27 23:00:00,2,213.06,,,100.0,1125.0,2,0,100.0
Week 1,"22,556",Virginia's,East Village,"Spend $50 with Blackbird Pay, get $15 back in $FLY",2025-10-27 17:00:00,2025-10-27 22:30:00,2,106.7,,,30.0,2440.0,2,0,100.0
Week 1,"24,456",The Tusk Bar,NoMad,"Spend $100 with Blackbird Pay, get $50 in $FLY back",2025-10-27 17:00:00,2025-10-27 23:00:00,0,0.0,-100.0,-100.0,0.0,1125.0,0,0,0.0
Week 1,"24,641",Carta,West Village,"Spend $50 with Blackbird Pay, get $25 in $FLY back",2025-10-27 16:00:00,2025-10-27 19:00:00,0,0.0,,,0.0,0.0,0,0,0.0
Week 1,"24,574",Bodega (Dine In),Downtown Charleston,"Spend $40 with Blackbird Pay, get $10 in $FLY back",2025-10-27 14:00:00,2025-10-27 16:00:00,0,0.0,-100.0,-100.0,0.0,4930.0,0,0,0.0
Week 1,"24,593",Bodega (Coffee Counter),Downtown,"Spend $20 with Blackbird Pay, get $5 in $FLY back",2025-10-27 13:30:00,2025-10-27 15:00:00,1,32.75,-37.09,81.34,5.0,4930.0,1,0,100.0
Week 1,"24,610",Bodega (Coffee Counter),Mt. Pleasant ,"Spend $20 with Blackbird Pay, get $5 in $FLY back",2025-10-27 13:30:00,2025-10-27 15:00:00,0,0.0,-100.0,-100.0,0.0,4930.0,0,0,0.0
Week 1,"25,298",Barn Joo ,Union Square,"Spend $45 with Blackbird Pay, get $15 in $FLY back",2025-10-27 12:00:00,2025-10-27 16:00:00,1,9.15,-76.46,-76.46,0.0,2425.0,0,1,0.0
Week 1,"24,431",Trapizzino,Trapizzino,"Spend $100 with Blackbird Pay, get $25 in $FLY back",2025-10-27 12:00:00,2025-10-27 21:30:00,0,0.0,-100.0,-100.0,0.0,1125.0,0,0,0.0
Week 1,"25,459",Rosalind Bakery,Financial District,"Spend $25 with Blackbird Pay, get $10 in $FLY back",2025-10-27 11:00:00,2025-10-27 15:00:00,1,18.0,13.83,136.07,0.0,2500.0,0,1,0.0
Week 1,"25,226",Bernie's,Noe Valley,"Spend $25 with Blackbird Pay, get $10 in $FLY back",2025-10-27 10:00:00,2025-10-27 14:00:00,0,0.0,-100.0,-100.0,0.0,2500.0,0,0,0.0
Week 1,"25,230",Lillian's Market & Cafe,Hampton Park Terrace,"Spend $15 with Blackbird Pay, get $5 in $FLY back",2025-10-27 07:15:00,2025-10-27 12:00:00,6,76.21,-21.82,-44.71,15.0,4670.0,1,5,16.67
